地區,村莊,名稱,貢獻,用途,用途等級,格數,CP
巴雷諾斯自治領,貝爾利亞村莊,貝爾利亞4號,3,"倉庫
馬牧場
武器鍛造工坊
盔甲鍛造工坊
安全性資產管理所
居住地","2
2
1
1
1
1","5
2
　
　
　
　","1.667
0.667
　
　
　
　"
巴雷諾斯自治領,貝爾利亞村莊,貝爾利亞2-2號,2,"倉庫
木工藝工坊
家具工坊
居住地","2
1
1
1","5
　
　
　","2.5
　
　
　"
巴雷諾斯自治領,貝爾利亞村莊,貝爾利亞5-1號,1,"倉庫
精鍊廠
礦物加工廠
居住地","1
1
1
1","3
　
　
　","3.0
　
　
　"
巴雷諾斯自治領,貝爾利亞村莊,貝爾利亞5-2號,2,"倉庫
手工藝工坊
蘑菇加工廠
居住地","2
1
1
1","5
　
　
　","2.5
　
　
　"
巴雷諾斯自治領,貝爾利亞村莊,貝爾利亞3-1號,1,"倉庫
精鍊廠
居住地","1
1
1","3
　
　","3.0
　
　"
巴雷諾斯自治領,貝爾利亞村莊,貝爾利亞2-3號,5,"倉庫
馬車製作廠
家具工坊
居住地","3
1
2
1","8
　
　
　","1.6
　
　
　"
巴雷諾斯自治領,貝爾利亞村莊,貝爾利亞2-1號,1,"倉庫
精鍊廠
木材加工廠
居住地","1
1
1
1","3
　
　
　","3.0
　
　
　"
巴雷諾斯自治領,貝爾利亞村莊,貝爾利亞3-2號1樓,2,"倉庫
手工藝工坊
工具工坊
居住地","2
1
2
1","5
　
　
　","2.5
　
　
　"
巴雷諾斯自治領,貝爾利亞村莊,貝爾利亞3-2號2樓,5,"倉庫
造船廠
居住地","3
1
1","8
　
　","1.6
　
　"
巴雷諾斯自治領,貝爾利亞村莊,貝爾利亞1號1號室,1,"倉庫
宿舍
居住地","1
1
1","3
1
　","3.0
1.0
　"
巴雷諾斯自治領,貝爾利亞村莊,貝爾利亞1號2號室,1,"倉庫
宿舍
家具工坊
居住地","1
2
1
1","3
2
　
　","3.0
2.0
　
　"
巴雷諾斯自治領,貝爾利亞村莊,貝爾利亞1號3號室,1,"倉庫
宿舍
魚加工廠
居住地","2
2
1
1","5
2
　
　","5.0
2.0
　
　"
巴雷諾斯自治領,貝爾利亞村莊,巴雷諾斯2-1號,品特農場,1,"倉庫
農作物加工廠
居住地","1
1
1","3
　
　","3.0
　
　"
巴雷諾斯自治領,貝爾利亞村莊,巴雷諾斯2-2號,品特農場,2,"倉庫
工具工坊
木材加工廠
居住地","2
1
1
1","5
　
　
　","2.5
　
　
　"
巴雷諾斯自治領,貝爾利亞村莊,巴雷諾斯1-1號,巴特利農場,2,"倉庫
農作物加工廠
居住地","2
1
1","5
　
　","2.5
　
　"
巴雷諾斯自治領,貝爾利亞村莊,巴雷諾斯1-2號,巴特利農場,1,"倉庫
工具工坊
精鍊廠
居住地","2
1
1
1","5
　
　
　","5.0
　
　
　"
巴雷諾斯自治領,貝爾利亞村莊,巴雷諾斯4-1號,戴爾魯茲農場,2,"倉庫
農作物加工廠
木材加工廠
居住地","2
1
1
1","5
　
　
　","2.5
　
　
　"
巴雷諾斯自治領,貝爾利亞村莊,巴雷諾斯4-2號,戴爾魯茲農場,1,"倉庫
家具工坊
木材加工廠
居住地","2
1
1
1","5
　
　
　","5.0
　
　
　"
巴雷諾斯自治領,貝爾利亞村莊,巴雷諾斯3-1號,洛基亞農場,2,"倉庫
魚加工廠
農作物加工廠
居住地","2
1
1
1","5
　
　
　","2.5
　
　
　"
巴雷諾斯自治領,貝爾利亞村莊,巴雷諾斯3-2號,洛基亞農場,1,"倉庫
精鍊廠
礦物加工廠
居住地","2
1
1
1","5
　
　
　","5.0
　
　
　"
巴雷諾斯自治領,貝爾利亞村莊,巴雷諾斯5號,瑪里諾農場,2,"倉庫
礦物加工廠
居住地","1
1
1","3
　
　","1.5
　
　"
巴雷諾斯自治領,伊利亞島,雷瑪島1號,1,"倉庫
居住地","1
1","3
　","3.0
　"
巴雷諾斯自治領,貝爾利亞村莊,巴雷諾斯6-1號,托斯卡尼農場,3,"倉庫
宿舍
精鍊廠
農作物加工廠
居住地","3
2
1
1
1","8
2
　
　
　","2.667
0.667
　
　
　"
巴雷諾斯自治領,貝爾利亞村莊,巴雷諾斯6-2號,托斯卡尼農場,3,"倉庫
工具工坊
精鍊廠
家具工坊
居住地","4
2
2
4
1","12
　
　
　
　","4.0
　
　
　
　"
巴雷諾斯自治領,伊利亞島,伊利亞島1-1號,1,"倉庫
精鍊廠
居住地","1
1
1","3
　
　","3.0
　
　"
巴雷諾斯自治領,伊利亞島,伊利亞島1-2號,1,"倉庫
礦物加工廠
居住地","1
1
1","3
　
　","3.0
　
　"
巴雷諾斯自治領,伊利亞島,伊利亞島2-1號,2,"倉庫
武器鍛造工坊
盔甲鍛造工坊
船舶零件工坊
居住地","2
1
1
1
1","5
　
　
　
　","2.5
　
　
　
　"
巴雷諾斯自治領,伊利亞島,伊利亞島2-2號,2,"倉庫
精鍊廠
船舶零件工坊
居住地","3
3
2
1","8
　
　
　","4.0
　
　
　"
巴雷諾斯自治領,伊利亞島,伊利亞島3號,3,"倉庫
造船廠
居住地","3
2
1","8
　
　","2.667
　
　"
巴雷諾斯自治領,伊利亞島,伊利亞島4-1號,3,"倉庫
精鍊廠
工具工坊
居住地","2
2
2
1","5
　
　
　","1.667
　
　
　"
巴雷諾斯自治領,伊利亞島,伊利亞島4-2號,1,"倉庫
宿舍
居住地","1
1
1","3
1
　","3.0
1.0
　"
巴雷諾斯自治領,伊利亞島,伊利亞島5號,2,"倉庫
木材加工廠
居住地","2
1
1","5
　
　","2.5
　
　"
巴雷諾斯自治領,伊利亞島,伊利亞島6-1號,1,"倉庫
農作物加工廠
居住地","1
1
1","3
　
　","3.0
　
　"
巴雷諾斯自治領,伊利亞島,伊利亞島6-2號,2,"倉庫
宿舍
工具工坊
居住地","2
1
1
1","5
1
　
　","2.5
0.5
　
　"
巴雷諾斯自治領,奧爾比亞村莊,奧爾比亞1-1號,1,"倉庫
木材加工廠
居住地","1
1
1","3
　
　","3.0
　
　"
巴雷諾斯自治領,奧爾比亞村莊,奧爾比亞1-2號,1,"倉庫
蘑菇加工廠
農作物加工廠
居住地","1
1
1
1","3
　
　
　","3.0
　
　
　"
巴雷諾斯自治領,奧爾比亞村莊,奧爾比亞1-3號,2,"倉庫
家具工坊
居住地","2
1
1","5
　
　","2.5
　
　"
巴雷諾斯自治領,奧爾比亞村莊,奧爾比亞2-1號,3,"倉庫
宿舍
家具工坊
居住地","2
2
2
1","5
2
　
　","1.667
0.667
　
　"
巴雷諾斯自治領,奧爾比亞村莊,奧爾比亞2-2號,1,"倉庫
精鍊廠
居住地","1
1
1","3
　
　","3.0
　
　"
巴雷諾斯自治領,奧爾比亞村莊,奧爾比亞2-3號,1,"倉庫
宿舍
木工藝工坊
居住地","1
1
1
1","3
1
　
　","3.0
1.0
　
　"
巴雷諾斯自治領,奧爾比亞村莊,奧爾比亞2-4號,1,"倉庫
宿舍
家具工坊
居住地","2
2
1
1","5
2
　
　","5.0
2.0
　
　"
巴雷諾斯自治領,奧爾比亞村莊,奧爾比亞2-5號1樓,2,"倉庫
手工藝工坊
木工藝工坊
居住地","3
2
2
1","8
　
　
　","4.0
　
　
　"
巴雷諾斯自治領,奧爾比亞村莊,奧爾比亞2-5號2樓,2,"倉庫
精鍊廠
居住地","3
3
1","8
　
　","4.0
　
　"
巴雷諾斯自治領,奧爾比亞村莊,奧爾比亞3-1號,1,"倉庫
精鍊廠
居住地","1
1
1","3
　
　","3.0
　
　"
巴雷諾斯自治領,奧爾比亞村莊,奧爾比亞3-2號,1,"倉庫
工具工坊
礦物加工廠
居住地","1
1
1
1","3
　
　
　","3.0
　
　
　"
巴雷諾斯自治領,奧爾比亞村莊,奧爾比亞3-3號,2,"倉庫
手工藝工坊
馬具製作工坊
居住地","2
2
1
1","5
　
　
　","2.5
　
　
　"
巴雷諾斯自治領,奧爾比亞村莊,奧爾比亞3-4號,3,"倉庫
工具工坊
居住地","3
3
1","8
　
　","2.667
　
　"
賽林迪亞自治領,海地爾城市,海地爾5-2號,5,"倉庫
武器鍛造工坊
居住地","3
3
1","8
　
　","1.6
　
　"
賽林迪亞自治領,海地爾城市,海地爾5-3號,4,"倉庫
工具工坊
家具工坊
居住地","3
3
4
1","8
　
　
　","2.0
　
　
　"
賽林迪亞自治領,海地爾城市,海地爾5-1號1樓,2,"倉庫
精鍊廠
居住地","1
1
1","3
　
　","1.5
　
　"
賽林迪亞自治領,海地爾城市,海地爾5-1號2樓,1,"倉庫
礦物加工廠
居住地","2
1
1","5
　
　","5.0
　
　"
賽林迪亞自治領,海地爾城市,海地爾1-5號,4,"倉庫
宿舍
加工坊
精鍊廠
船舶零件工坊
居住地","3
2
2
2
2
1","8
2
　
　
　
　","2.0
0.5
　
　
　
　"
賽林迪亞自治領,海地爾城市,海地爾1-2號,1,"倉庫
宿舍
精鍊廠
木材加工廠
居住地","1
1
1
1
1","3
1
　
　
　","3.0
1.0
　
　
　"
賽林迪亞自治領,海地爾城市,海地爾1-1號,1,"倉庫
精鍊廠
居住地","1
1
1","3
　
　","3.0
　
　"
賽林迪亞自治領,海地爾城市,海地爾1-4號,3,"倉庫
攻城武器製作廠
家具工坊
魚加工廠
居住地","3
3
3
1
1","8
　
　
　
　","2.667
　
　
　
　"
賽林迪亞自治領,海地爾城市,海地爾1-3號,2,"倉庫
手工藝工坊
工具工坊
居住地","2
2
2
1","5
　
　
　","2.5
　
　
　"
賽林迪亞自治領,海地爾城市,海地爾4-3號,1,"倉庫
精鍊廠
木材加工廠
居住地","1
1
1
1","3
　
　
　","3.0
　
　
　"
賽林迪亞自治領,海地爾城市,海地爾4-1號1樓,1,"倉庫
宿舍
居住地","1
1
1","3
1
　","3.0
1.0
　"
賽林迪亞自治領,海地爾城市,海地爾4-1號2樓,1,"倉庫
工具工坊
農作物加工廠
居住地","1
1
1
1","3
　
　
　","3.0
　
　
　"
賽林迪亞自治領,海地爾城市,海地爾6-1號1樓,1,"倉庫
精鍊廠
居住地","1
1
1","3
　
　","3.0
　
　"
賽林迪亞自治領,海地爾城市,海地爾6-1號2樓,2,"倉庫
家具工坊
木材加工廠
居住地","2
2
1
1","5
　
　
　","2.5
　
　
　"
賽林迪亞自治領,海地爾城市,海地爾6-2號1樓,2,"倉庫
工具工坊
礦物加工廠
居住地","2
2
1
1","5
　
　
　","2.5
　
　
　"
賽林迪亞自治領,海地爾城市,海地爾6-2號2樓,3,"倉庫
盔甲鍛造工坊
居住地","1
3
1","3
　
　","1.0
　
　"
賽林迪亞自治領,海地爾城市,海地爾6-3號,4,"倉庫
馬牧場
居住地","3
4
1","8
4
　","2.0
1.0
　"
賽林迪亞自治領,海地爾城市,海地爾9-1號1樓,1,"倉庫
精鍊廠
居住地","1
1
1","3
　
　","3.0
　
　"
賽林迪亞自治領,海地爾城市,海地爾9-4號,5,"倉庫
加工坊
精鍊廠
馬車零件工坊
居住地","4
3
3
3
1","12
　
　
　
　","2.4
　
　
　
　"
賽林迪亞自治領,海地爾城市,海地爾9-2號1樓,1,"倉庫
宿舍
工具工坊
居住地","1
1
1
1","3
1
　
　","3.0
1.0
　
　"
賽林迪亞自治領,海地爾城市,海地爾9-2號2樓,2,"倉庫
宿舍
攻城武器製作廠
居住地","2
1
1
1","5
1
　
　","2.5
0.5
　
　"
賽林迪亞自治領,海地爾城市,海地爾2-2號,3,"倉庫
手工藝工坊
船舶零件工坊
家具工坊
居住地","2
2
1
2
1","5
　
　
　
　","1.667
　
　
　
　"
賽林迪亞自治領,海地爾城市,海地爾2-1號1樓,1,"倉庫
精鍊廠
居住地","1
1
1","3
　
　","3.0
　
　"
賽林迪亞自治領,海地爾城市,海地爾2-1號2樓,1,"倉庫
精鍊廠
礦物加工廠
居住地","1
1
1
1","3
　
　
　","3.0
　
　
　"
賽林迪亞自治領,海地爾城市,海地爾6-4號1樓,3,"倉庫
馬具製作工坊
船舶零件工坊
家具工坊
居住地","4
3
3
3
1","12
　
　
　
　","4.0
　
　
　
　"
賽林迪亞自治領,海地爾城市,海地爾6-4號2樓,5,"倉庫
居住地","5
1","16
　","3.2
　"
賽林迪亞自治領,海地爾城市,海地爾7-5號,5,"倉庫
盔甲鍛造工坊
居住地","4
4
1","12
　
　","2.4
　
　"
賽林迪亞自治領,海地爾城市,海地爾9-3號,4,"倉庫
精鍊廠
馬具製作工坊
居住地","3
2
1
1","8
　
　
　","2.0
　
　
　"
賽林迪亞自治領,海地爾城市,海地爾8-4號,3,"倉庫
工具工坊
精鍊廠
居住地","3
3
2
1","8
　
　
　","2.667
　
　
　"
賽林迪亞自治領,海地爾城市,海地爾3-1號1樓,1,"倉庫
精鍊廠
安全性資產管理所
居住地","1
1
1
1","3
　
　
　","3.0
　
　
　"
賽林迪亞自治領,海地爾城市,海地爾3-1號2樓,4,"倉庫
加工坊
礦物加工廠
居住地","3
2
1
1","8
　
　
　","2.0
　
　
　"
賽林迪亞自治領,海地爾城市,海地爾3-4號,5,"倉庫
服裝製作廠
馬車製作廠
居住地","3
2
2
1","8
　
　
　","1.6
　
　
　"
賽林迪亞自治領,海地爾城市,海地爾7-3號1樓,1,"倉庫
宿舍
木工藝工坊
精鍊廠
居住地","2
3
2
2
1","5
4
　
　
　","5.0
4.0
　
　
　"
賽林迪亞自治領,海地爾城市,海地爾7-3號2樓,4,"倉庫
盔甲鍛造工坊
居住地","3
3
1","8
　
　","2.0
　
　"
賽林迪亞自治領,海地爾城市,海地爾7-4號1樓,2,"倉庫
精鍊廠
家具工坊
居住地","2
2
3
1","5
　
　
　","2.5
　
　
　"
賽林迪亞自治領,海地爾城市,海地爾7-4號2樓,2,"倉庫
加工坊
工具工坊
服裝製作廠
居住地","3
2
3
2
1","8
　
　
　
　","4.0
　
　
　
　"
賽林迪亞自治領,海地爾城市,海地爾8-3號,2,"倉庫
盔甲鍛造工坊
加工坊
居住地","2
2
1
1","5
　
　
　","2.5
　
　
　"
賽林迪亞自治領,海地爾城市,海地爾8-2號地下,1,"倉庫
精鍊廠
居住地","1
1
1","3
　
　","3.0
　
　"
賽林迪亞自治領,海地爾城市,海地爾8-2號1樓,1,"倉庫
精鍊廠
木材加工廠
居住地","2
1
1
1","5
　
　
　","5.0
　
　
　"
賽林迪亞自治領,海地爾城市,海地爾8-2號2樓,2,"倉庫
精鍊廠
馬車零件工坊
礦物加工廠
居住地","2
2
1
1
1","5
　
　
　
　","2.5
　
　
　
　"
賽林迪亞自治領,海地爾城市,海地爾8-5號,4,"倉庫
木工藝工坊
居住地","3
3
1","8
　
　","2.0
　
　"
賽林迪亞自治領,海地爾城市,海地爾7-2號1樓,2,"倉庫
木工藝工坊
精鍊廠
木材加工廠
礦物加工廠
居住地","2
1
1
1
1
1","5
　
　
　
　
　","2.5
　
　
　
　
　"
賽林迪亞自治領,海地爾城市,海地爾7-2號2樓,3,"倉庫
武器鍛造工坊
工具工坊
攻城武器製作廠
居住地","3
2
2
2
1","8
　
　
　
　","2.667
　
　
　
　"
賽林迪亞自治領,海地爾城市,海地爾7-1號,1,"倉庫
精鍊廠
居住地","1
1
1","3
　
　","3.0
　
　"
賽林迪亞自治領,海地爾城市,海地爾5-4號2樓,5,"倉庫
精鍊廠
造船廠
木材加工廠
居住地","5
3
1
1
1","16
　
　
　
　","3.2
　
　
　
　"
賽林迪亞自治領,海地爾城市,海地爾8-1號5號室,4,"倉庫
加工坊
精鍊廠
馬具製作工坊
居住地","4
3
3
3
1","12
　
　
　
　","3.0
　
　
　
　"
賽林迪亞自治領,海地爾城市,海地爾8-1號4號室,3,"倉庫
宿舍
居住地","4
5
1","12
8
　","4.0
2.667
　"
賽林迪亞自治領,海地爾城市,海地爾8-1號3號室,2,"倉庫
宿舍
居住地","3
3
1","8
4
　","4.0
2.0
　"
賽林迪亞自治領,海地爾城市,海地爾8-1號2號室,2,"倉庫
宿舍
居住地","2
2
1","5
2
　","2.5
1.0
　"
賽林迪亞自治領,海地爾城市,海地爾8-1號1號室,1,"倉庫
宿舍
居住地","1
1
1","3
1
　","3.0
1.0
　"
賽林迪亞自治領,海地爾城市,賽林迪亞1-1號1樓,艾爾漢德羅農場,1,"倉庫
精鍊廠
蘑菇加工廠
居住地","1
1
1
1","3
　
　
　","3.0
　
　
　"
賽林迪亞自治領,海地爾城市,賽林迪亞1-1號2樓,艾爾漢德羅農場,2,"倉庫
精鍊廠
居住地","2
2
1","5
　
　","2.5
　
　"
賽林迪亞自治領,海地爾城市,賽林迪亞1-2號,艾爾漢德羅農場,2,"倉庫
手工藝工坊
工具工坊
居住地","3
2
2
1","8
　
　
　","4.0
　
　
　"
賽林迪亞自治領,葛利西村莊,葛利西2號,2,"倉庫
馬牧場
陶瓷工坊
居住地","3
4
3
1","8
4
　
　","4.0
2.0
　
　"
賽林迪亞自治領,葛利西村莊,葛利西4號,4,"倉庫
武器鍛造工坊
盔甲鍛造工坊
手工藝工坊
木工藝工坊
居住地","5
4
5
4
4
1","16
　
　
　
　
　","4.0
　
　
　
　
　"
賽林迪亞自治領,葛利西村莊,葛利西3號,3,"倉庫
加工坊
工具工坊
精鍊廠
馬具製作工坊
家具工坊
居住地","4
3
4
3
2
3
1","12
　
　
　
　
　
　","4.0
　
　
　
　
　
　"
賽林迪亞自治領,葛利西村莊,葛利西1號3號室,2,"倉庫
宿舍
工具工坊
精鍊廠
居住地","3
2
3
1
1","8
2
　
　
　","4.0
1.0
　
　
　"
賽林迪亞自治領,葛利西村莊,葛利西1號2號室,2,"倉庫
宿舍
礦物加工廠
居住地","2
1
1
1","5
1
　
　","2.5
0.5
　
　"
賽林迪亞自治領,葛利西村莊,葛利西1號1號室,1,"倉庫
宿舍
木材加工廠
居住地","1
1
1
1","3
1
　
　","3.0
1.0
　
　"
賽林迪亞自治領,葛利西村莊,葛利西村莊,戴路尼農場,2,"倉庫
精鍊廠
木材加工廠
礦物加工廠
居住地","2
1
1
1
1","5
　
　
　
　","2.5
　
　
　
　"
賽林迪亞自治領,海地爾城市,賽林迪亞4號,莫勒提巨大農場,2,"倉庫
精鍊廠
農作物加工廠
居住地","2
1
1
1","5
　
　
　","2.5
　
　
　"
賽林迪亞自治領,海地爾城市,賽林迪亞2-2號,克斯達農場,2,"倉庫
家具工坊
木材加工廠
居住地","2
2
1
1","5
　
　
　","2.5
　
　
　"
賽林迪亞自治領,海地爾城市,賽林迪亞2-1號1樓,克斯達農場,1,"倉庫
農作物加工廠
居住地","1
1
1","3
　
　","3.0
　
　"
賽林迪亞自治領,海地爾城市,賽林迪亞2-1號2樓,克斯達農場,2,"倉庫
宿舍
農作物加工廠
居住地","2
1
1
1","5
1
　
　","2.5
0.5
　
　"
賽林迪亞自治領,海地爾城市,賽林迪亞2-3號,克斯達農場,3,"倉庫
木工藝工坊
精鍊廠
居住地","3
3
2
1","8
　
　
　","2.667
　
　
　"
賽林迪亞自治領,海地爾城市,賽林迪亞3號，艾達農場,2,"倉庫
蘑菇加工廠
農作物加工廠
居住地","2
1
1
1","5
　
　
　","2.5
　
　
　"
賽林迪亞自治領,海地爾城市,海地爾9-1號2樓,1,"倉庫
宿舍
農作物加工廠
居住地","2
1
1
1","5
1
　
　","5.0
1.0
　
　"
賽林迪亞自治領,海地爾城市,海地爾4-2號1樓,1,"倉庫
精鍊廠
礦物加工廠
居住地","1
1
1
1","3
　
　
　","3.0
　
　
　"
賽林迪亞自治領,海地爾城市,海地爾4-2號2樓,1,"倉庫
農作物加工廠
居住地","2
1
1","5
　
　","5.0
　
　"
賽林迪亞自治領,海地爾城市,海地爾2-3號1樓,2,"倉庫
木工藝工坊
加工坊
居住地","2
2
2
1","5
　
　
　","2.5
　
　
　"
賽林迪亞自治領,海地爾城市,海地爾2-3號2樓,2,"倉庫
精鍊廠
服裝製作廠
居住地","3
2
2
1","8
　
　
　","4.0
　
　
　"
賽林迪亞自治領,海地爾城市,海地爾3-2號,1,"倉庫
木材加工廠
居住地","1
1
1","3
　
　","3.0
　
　"
賽林迪亞自治領,海地爾城市,海地爾3-3號,1,"倉庫
家具工坊
蘑菇加工廠
農作物加工廠
居住地","2
1
1
1
1","5
　
　
　
　","5.0
　
　
　
　"
賽林迪亞自治領,海地爾城市,海地爾4-5號,3,"倉庫
馬車零件工坊
家具工坊
居住地","3
2
2
1","8
　
　
　","2.667
　
　
　"
賽林迪亞自治領,海地爾城市,海地爾4-4號,1,"倉庫
蘑菇加工廠
居住地","2
1
1","5
　
　","5.0
　
　"
巴雷諾斯自治領,奧爾比亞村莊,奧爾比亞5-1號,1,"倉庫
手工藝工坊
居住地","1
1
1","3
　
　","3.0
　
　"
巴雷諾斯自治領,奧爾比亞村莊,奧爾比亞5-2號,1,"倉庫
家具工坊
居住地","2
2
1","5
　
　","5.0
　
　"
巴雷諾斯自治領,奧爾比亞村莊,奧爾比亞4-1號,1,"倉庫
精鍊廠
居住地","2
1
1","5
　
　","5.0
　
　"
巴雷諾斯自治領,奧爾比亞村莊,奧爾比亞4-2號,2,"倉庫
家具工坊
木材加工廠
居住地","2
1
1
1","5
　
　
　","2.5
　
　
　"
巴雷諾斯自治領,奧爾比亞村莊,奧爾比亞4-3號,2,"倉庫
加工坊
工具工坊
居住地","2
2
2
1","5
　
　
　","2.5
　
　
　"
巴雷諾斯自治領,奧爾比亞村莊,奧爾比亞4-4號,3,"倉庫
馬車製作廠
居住地","3
1
1","8
　
　","2.667
　
　"
巴雷諾斯自治領,奧爾比亞村莊,奧爾比亞6-1號,1,"倉庫
宿舍
居住地","1
1
1","3
1
　","3.0
1.0
　"
巴雷諾斯自治領,奧爾比亞村莊,奧爾比亞6-2號,2,"倉庫
宿舍
居住地","2
2
1","5
2
　","2.5
1.0
　"
巴雷諾斯自治領,奧爾比亞村莊,奧爾比亞6-3號,2,"倉庫
宿舍
精鍊廠
居住地","3
3
2
1","8
4
　
　","4.0
2.0
　
　"
巴雷諾斯自治領,奧爾比亞村莊,奧爾比亞7-1號,1,"倉庫
宿舍
居住地","1
1
1","3
1
　","3.0
1.0
　"
巴雷諾斯自治領,奧爾比亞村莊,奧爾比亞7-2號2樓,1,"倉庫
工具工坊
礦物加工廠
居住地","2
2
1
1","5
　
　
　","5.0
　
　
　"
巴雷諾斯自治領,奧爾比亞村莊,奧爾比亞7-2號1樓,2,"倉庫
精鍊廠
居住地","1
1
1","3
　
　","1.5
　
　"
巴雷諾斯自治領,奧爾比亞村莊,奧爾比亞7-3號,1,"倉庫
加工坊
農作物加工廠
居住地","2
1
1
1","5
　
　
　","5.0
　
　
　"
巴雷諾斯自治領,奧爾比亞村莊,奧爾比亞7-4號,2,"倉庫
家具工坊
居住地","3
3
1","8
　
　","4.0
　
　"
巴雷諾斯自治領,奧爾比亞村莊,卡斯塔農場1號,1,"倉庫
礦物加工廠
居住地","1
1
1","3
　
　","3.0
　
　"
巴雷諾斯自治領,奧爾比亞村莊,卡斯塔農場2號,2,"倉庫
蘑菇加工廠
農作物加工廠
居住地","2
1
1
1","5
　
　
　","2.5
　
　
　"
巴雷諾斯自治領,奧爾比亞村莊,維利爾農場1號,2,"倉庫
宿舍
魚加工廠
居住地","2
2
1
1","5
2
　
　","2.5
1.0
　
　"
巴雷諾斯自治領,奧爾比亞村莊,維利爾農場2號,2,"倉庫
工具工坊
居住地","2
2
1","5
　
　","2.5
　
　"
賽林迪亞自治領,海地爾城市,賽林迪亞5號,林茲牧場,2,"倉庫
精鍊廠
蘑菇加工廠
農作物加工廠
居住地","2
1
1
1
1","5
　
　
　
　","2.5
　
　
　
　"
卡爾佩恩直轄領,凱波嵐村莊,凱波嵐1-1號,1,"倉庫
精鍊廠
居住地","1
1
1","3
　
　","3.0
　
　"
卡爾佩恩直轄領,凱波嵐村莊,凱波嵐1-2號1樓,2,"倉庫
宿舍
礦物加工廠
居住地","2
1
1
1","5
1
　
　","2.5
0.5
　
　"
卡爾佩恩直轄領,凱波嵐村莊,凱波嵐1-2號2樓,3,"倉庫
加工坊
馬具製作工坊
居住地","3
1
2
1","8
　
　
　","2.667
　
　
　"
卡爾佩恩直轄領,凱波嵐村莊,凱波嵐1-3號1樓,1,"倉庫
宿舍
工具工坊
居住地","2
1
2
1","5
1
　
　","5.0
1.0
　
　"
卡爾佩恩直轄領,凱波嵐村莊,凱波嵐1-3號2樓,4,"倉庫
居住地","3
1","8
　","2.0
　"
卡爾佩恩直轄領,凱波嵐村莊,凱波嵐1-4號1樓,1,"倉庫
宿舍
精鍊廠
礦物加工廠
居住地","2
1
2
1
1","5
1
　
　
　","5.0
1.0
　
　
　"
卡爾佩恩直轄領,凱波嵐村莊,凱波嵐1-4號2樓,3,"倉庫
居住地","3
1","8
　","2.667
　"
卡爾佩恩直轄領,凱波嵐村莊,凱波嵐1-5號2樓,3,"倉庫
加工坊
居住地","3
2
1","8
　
　","2.667
　
　"
卡爾佩恩直轄領,凱波嵐村莊,凱波嵐1-5號3樓,5,"倉庫
武器鍛造工坊
盔甲鍛造工坊
精鍊廠
居住地","5
4
5
3
1","16
　
　
　
　","3.2
　
　
　
　"
卡爾佩恩直轄領,凱波嵐村莊,凱波嵐2-1號2樓,1,"倉庫
木材加工廠
居住地","1
1
1","3
　
　","3.0
　
　"
卡爾佩恩直轄領,凱波嵐村莊,凱波嵐2-2號1樓,2,"倉庫
宿舍
精鍊廠
居住地","2
1
1
1","5
1
　
　","2.5
0.5
　
　"
卡爾佩恩直轄領,凱波嵐村莊,凱波嵐2-2號2樓,5,"倉庫
宿舍
居住地","3
2
1","8
2
　","1.6
0.4
　"
卡爾佩恩直轄領,凱波嵐村莊,凱波嵐2-2號3樓,4,"倉庫
手工藝工坊
加工坊
居住地","4
4
3
1","12
　
　
　","3.0
　
　
　"
卡爾佩恩直轄領,凱波嵐村莊,凱波嵐2-3號1樓,2,"倉庫
木材加工廠
居住地","2
1
1","5
　
　","2.5
　
　"
卡爾佩恩直轄領,凱波嵐村莊,凱波嵐2-3號2樓,3,"倉庫
居住地","3
1","8
　","2.667
　"
卡爾佩恩直轄領,凱波嵐村莊,凱波嵐2-3號3樓,5,"倉庫
木工藝工坊
精鍊廠
居住地","5
4
3
1","16
　
　
　","3.2
　
　
　"
卡爾佩恩直轄領,凱波嵐村莊,凱波嵐3-1號倉庫,4,"倉庫
宿舍
居住地","3
2
1","8
2
　","2.0
0.5
　"
卡爾佩恩直轄領,凱波嵐村莊,凱波嵐3-1號,2,"倉庫
宿舍
居住地","2
1
1","5
1
　","2.5
0.5
　"
卡爾佩恩直轄領,凱波嵐村莊,凱波嵐3-2號,1,"倉庫
精鍊廠
礦物加工廠
居住地","2
1
1
1","5
　
　
　","5.0
　
　
　"
卡爾佩恩直轄領,凱波嵐村莊,凱波嵐3-3號倉庫,4,"倉庫
馬牧場
精鍊廠
居住地","4
4
2
1","12
4
　
　","3.0
1.0
　
　"
卡爾佩恩直轄領,凱波嵐村莊,凱波嵐3-3號,1,"倉庫
蘑菇加工廠
農作物加工廠
居住地","2
1
1
1","5
　
　
　","5.0
　
　
　"
卡爾佩恩直轄領,特蘭特村莊,特蘭特1號,1,"倉庫
魚加工廠
蘑菇加工廠
居住地","1
1
1
1","3
　
　
　","3.0
　
　
　"
卡爾佩恩直轄領,特蘭特村莊,特蘭特2號,2,"倉庫
宿舍
木材加工廠
居住地","2
1
1
1","5
1
　
　","2.5
0.5
　
　"
卡爾佩恩直轄領,特蘭特村莊,特蘭特3號,3,"倉庫
宿舍
精鍊廠
礦物加工廠
居住地","2
1
1
1
1","5
1
　
　
　","1.667
0.333
　
　
　"
卡爾佩恩直轄領,特蘭特村莊,特蘭特4號,4,"倉庫
木工藝工坊
馬具製作工坊
居住地","3
3
2
1","8
　
　
　","2.0
　
　
　"
卡爾佩恩直轄領,特蘭特村莊,特蘭特5號,4,"倉庫
宿舍
馬牧場
工具工坊
精鍊廠
居住地","3
2
4
3
2
1","8
2
4
　
　
　","2.0
0.5
1.0
　
　
　"
卡爾佩恩直轄領,特蘭特村莊,特蘭特6號,5,"倉庫
精鍊廠
居住地","5
3
1","16
　
　","3.2
　
　"
卡爾佩恩直轄領,特蘭特村莊,貝爾1號,2,"倉庫
宿舍
蘑菇加工廠
居住地","2
1
1
1","5
1
　
　","2.5
0.5
　
　"
卡爾佩恩直轄領,特蘭特村莊,貝爾2號,1,"倉庫
宿舍
精鍊廠
木材加工廠
居住地","2
1
1
1
1","5
1
　
　
　","5.0
1.0
　
　
　"
卡爾佩恩直轄領,特蘭特村莊,貝爾3號,2,"倉庫
木工藝工坊
居住地","2
2
1","5
　
　","2.5
　
　"
卡爾佩恩直轄領,特蘭特村莊,貝爾4號,2,"倉庫
工具工坊
精鍊廠
礦物加工廠
居住地","3
3
1
1
1","8
　
　
　
　","4.0
　
　
　
　"
卡爾佩恩直轄領,特蘭特村莊,貝爾5號,3,"倉庫
武器鍛造工坊
手工藝工坊
木工藝工坊
居住地","4
3
3
3
1","12
　
　
　
　","4.0
　
　
　
　"
卡爾佩恩直轄領,特蘭特村莊,貝爾6號,3,"倉庫
精鍊廠
馬車製作廠
居住地","5
3
1
1","16
　
　
　","5.333
　
　
　"
卡爾佩恩直轄領,卡爾佩恩首都,弗洛林1-1號1號室,1,"倉庫
農作物加工廠
居住地","1
1
1","3
　
　","3.0
　
　"
卡爾佩恩直轄領,卡爾佩恩首都,弗洛林1-1號2號室,1,"倉庫
宿舍
精鍊廠
居住地","1
1
1
1","3
1
　
　","3.0
1.0
　
　"
卡爾佩恩直轄領,卡爾佩恩首都,弗洛林1-1號3號室,2,"倉庫
宿舍
居住地","2
2
1","5
2
　","2.5
1.0
　"
卡爾佩恩直轄領,艾裴莉雅港口村莊,艾裴莉雅1-1號1樓,1,"倉庫
宿舍
農作物加工廠
居住地","1
1
1
1","3
1
　
　","3.0
1.0
　
　"
卡爾佩恩直轄領,艾裴莉雅港口村莊,艾裴莉雅1-1號2樓,2,"倉庫
宿舍
精鍊廠
居住地","2
1
1
1","5
1
　
　","2.5
0.5
　
　"
卡爾佩恩直轄領,艾裴莉雅港口村莊,艾裴莉雅1-2號1樓,2,"倉庫
木材加工廠
居住地","2
1
1","5
　
　","2.5
　
　"
卡爾佩恩直轄領,艾裴莉雅港口村莊,艾裴莉雅1-2號2樓,2,"倉庫
宿舍
木工藝工坊
居住地","2
1
2
1","5
1
　
　","2.5
0.5
　
　"
卡爾佩恩直轄領,艾裴莉雅港口村莊,艾裴莉雅1-2號3樓,3,"倉庫
精鍊廠
家具工坊
居住地","1
2
3
1","3
　
　
　","1.0
　
　
　"
卡爾佩恩直轄領,艾裴莉雅港口村莊,艾裴莉雅1-3號,4,"倉庫
工具工坊
礦物加工廠
居住地","3
3
1
1","8
　
　
　","2.0
　
　
　"
卡爾佩恩直轄領,艾裴莉雅港口村莊,艾裴莉雅1-4號1樓,2,"倉庫
宿舍
居住地","4
3
1","12
4
　","6.0
2.0
　"
卡爾佩恩直轄領,艾裴莉雅港口村莊,艾裴莉雅2-1號1號室,1,"倉庫
宿舍
居住地","1
1
1","3
1
　","3.0
1.0
　"
卡爾佩恩直轄領,艾裴莉雅港口村莊,艾裴莉雅2-1號2號室,1,"倉庫
宿舍
居住地","1
1
1","3
1
　","3.0
1.0
　"
卡爾佩恩直轄領,艾裴莉雅港口村莊,艾裴莉雅2-1號1樓,2,"倉庫
蘑菇加工廠
農作物加工廠
居住地","2
1
1
1","5
　
　
　","2.5
　
　
　"
卡爾佩恩直轄領,艾裴莉雅港口村莊,艾裴莉雅2-2號1樓,1,"倉庫
工具工坊
礦物加工廠
居住地","2
2
1
1","5
　
　
　","5.0
　
　
　"
卡爾佩恩直轄領,艾裴莉雅港口村莊,艾裴莉雅2-2號2樓,4,"倉庫
居住地","3
1","8
　","2.0
　"
卡爾佩恩直轄領,艾裴莉雅港口村莊,艾裴莉雅2-3號1樓,2,"倉庫
加工坊
精鍊廠
居住地","2
2
2
1","5
　
　
　","2.5
　
　
　"
卡爾佩恩直轄領,艾裴莉雅港口村莊,艾裴莉雅2-3號2樓,1,"倉庫
宿舍
居住地","3
2
1","8
2
　","8.0
2.0
　"
卡爾佩恩直轄領,艾裴莉雅港口村莊,艾裴莉雅2-4號1樓,1,"倉庫
家具工坊
木材加工廠
居住地","2
2
1
1","5
　
　
　","5.0
　
　
　"
卡爾佩恩直轄領,艾裴莉雅港口村莊,艾裴莉雅2-4號2樓,2,"倉庫
手工藝工坊
居住地","1
3
1","3
　
　","1.5
　
　"
卡爾佩恩直轄領,艾裴莉雅港口村莊,艾裴莉雅2-5號,5,"倉庫
宿舍
精鍊廠
居住地","5
3
3
1","16
4
　
　","3.2
0.8
　
　"
卡爾佩恩直轄領,艾裴莉雅港口村莊,艾裴莉雅3-1號1樓,1,"倉庫
魚加工廠
居住地","1
1
1","3
　
　","3.0
　
　"
卡爾佩恩直轄領,艾裴莉雅港口村莊,艾裴莉雅3-1號2樓,2,"倉庫
宿舍
魚加工廠
居住地","2
1
1
1","5
1
　
　","2.5
0.5
　
　"
卡爾佩恩直轄領,艾裴莉雅港口村莊,艾裴莉雅3-1號3樓,2,"倉庫
宿舍
精鍊廠
魚加工廠
居住地","2
2
1
1
1","5
2
　
　
　","2.5
1.0
　
　
　"
卡爾佩恩直轄領,艾裴莉雅港口村莊,艾裴莉雅3-2號1樓,2,"倉庫
精鍊廠
木材加工廠
居住地","2
1
1
1","5
　
　
　","2.5
　
　
　"
卡爾佩恩直轄領,艾裴莉雅港口村莊,艾裴莉雅3-3號1樓,1,"倉庫
礦物加工廠
居住地","2
1
1","5
　
　","5.0
　
　"
卡爾佩恩直轄領,艾裴莉雅港口村莊,艾裴莉雅3-3號2樓,1,"倉庫
宿舍
武器鍛造工坊
居住地","2
1
2
1","5
1
　
　","5.0
1.0
　
　"
卡爾佩恩直轄領,艾裴莉雅港口村莊,艾裴莉雅3-4號1樓,3,"倉庫
工具工坊
礦物加工廠
居住地","3
3
1
1","8
　
　
　","2.667
　
　
　"
卡爾佩恩直轄領,艾裴莉雅港口村莊,艾裴莉雅3-4號2樓,2,"倉庫
馬具製作工坊
居住地","1
2
1","3
　
　","1.5
　
　"
卡爾佩恩直轄領,艾裴莉雅港口村莊,艾裴莉雅3-5號1樓,2,"倉庫
木工藝工坊
木材加工廠
居住地","4
3
1
1","12
　
　
　","6.0
　
　
　"
卡爾佩恩直轄領,卡爾佩恩首都,弗洛林1-2號,2,"倉庫
工具工坊
礦物加工廠
居住地","1
2
1
1","3
　
　
　","1.5
　
　
　"
卡爾佩恩直轄領,卡爾佩恩首都,弗洛林1-3號,4,"倉庫
加工坊
弗洛林工坊
家具工坊
居住地","3
2
3
3
1","8
　
　
　
　","2.0
　
　
　
　"
卡爾佩恩直轄領,卡爾佩恩首都,弗洛林2-1號,1,"倉庫
農作物加工廠
居住地","1
1
1","3
　
　","3.0
　
　"
卡爾佩恩直轄領,卡爾佩恩首都,弗洛林2-2號,1,"倉庫
蘑菇加工廠
木材加工廠
居住地","1
1
1
1","3
　
　
　","3.0
　
　
　"
卡爾佩恩直轄領,卡爾佩恩首都,弗洛林2-3號,2,"倉庫
宿舍
家具工坊
居住地","2
1
2
1","5
1
　
　","2.5
0.5
　
　"
卡爾佩恩直轄領,卡爾佩恩首都,弗洛林2-4號,3,"倉庫
精鍊廠
居住地","3
2
1","8
　
　","2.667
　
　"
卡爾佩恩直轄領,卡爾佩恩首都,迪亞斯農場1號,1,"倉庫
農作物加工廠
礦物加工廠
居住地","1
1
1
1","3
　
　
　","3.0
　
　
　"
卡爾佩恩直轄領,卡爾佩恩首都,迪亞斯農場2號1樓,1,"倉庫
蘑菇加工廠
木材加工廠
居住地","2
1
1
1","5
　
　
　","5.0
　
　
　"
卡爾佩恩直轄領,卡爾佩恩首都,迪亞斯農場2號2樓,2,"倉庫
精鍊廠
馬具製作工坊
居住地","2
1
1
1","5
　
　
　","2.5
　
　
　"
卡爾佩恩直轄領,艾裴莉雅港口村莊,艾裴莉雅3-2號2樓,2,"倉庫
宿舍
家具工坊
居住地","1
1
2
1","3
1
　
　","1.5
0.5
　
　"
卡爾佩恩直轄領,艾裴莉雅港口村莊,艾裴莉雅1-4號2樓,3,"倉庫
宿舍
加工坊
船舶零件工坊
居住地","5
3
3
4
1","16
4
　
　
　","5.333
1.333
　
　
　"
卡爾佩恩直轄領,艾裴莉雅港口村莊,艾裴莉雅3-5號2樓,3,"倉庫
宿舍
造船廠
居住地","5
3
3
1","16
4
　
　","5.333
1.333
　
　"
卡爾佩恩直轄領,卡爾佩恩首都,帕勒斯牛牧場1號,2,"倉庫
宿舍
精鍊廠
居住地","2
2
1
1","5
2
　
　","2.5
1.0
　
　"
卡爾佩恩直轄領,卡爾佩恩首都,北部蕎麥農場1號,2,"倉庫
宿舍
魚加工廠
農作物加工廠
居住地","2
1
1
1
1","5
1
　
　
　","2.5
0.5
　
　
　"
卡爾佩恩直轄領,卡爾佩恩首都,北部蕎麥農場2號,1,"倉庫
精鍊廠
蘑菇加工廠
木材加工廠
居住地","2
1
1
1
1","5
　
　
　
　","5.0
　
　
　
　"
卡爾佩恩直轄領,卡爾佩恩首都,巴因農場1號,3,"倉庫
宿舍
精鍊廠
魚加工廠
居住地","2
1
1
1
1","5
1
　
　
　","1.667
0.333
　
　
　"
卡爾佩恩直轄領,凱波嵐村莊,吉亞尼恩農場1號,3,"倉庫
宿舍
精鍊廠
農作物加工廠
居住地","2
1
1
1
1","5
1
　
　
　","1.667
0.333
　
　
　"
卡爾佩恩直轄領,特蘭特村莊,長葉樹偵查崗哨1樓,3,"倉庫
宿舍
木材加工廠
居住地","2
1
1
1","5
1
　
　","1.667
0.333
　
　"
卡爾佩恩直轄領,特蘭特村莊,長葉樹偵查崗哨2樓,3,"倉庫
宿舍
精鍊廠
居住地","3
2
2
1","8
2
　
　","2.667
0.667
　
　"
卡爾佩恩直轄領,卡爾佩恩首都,貧民街1-1號1樓,1,"倉庫
蘑菇加工廠
居住地","1
1
1","3
　
　","3.0
　
　"
卡爾佩恩直轄領,卡爾佩恩首都,貧民街1-1號2樓,1,"倉庫
魚加工廠
居住地","1
1
1","3
　
　","3.0
　
　"
卡爾佩恩直轄領,卡爾佩恩首都,貧民街1-2號1樓,1,"倉庫
精鍊廠
木材加工廠
居住地","1
1
1
1","3
　
　
　","3.0
　
　
　"
卡爾佩恩直轄領,卡爾佩恩首都,貧民街1-2號2樓,2,"倉庫
加工坊
家具工坊
居住地","2
1
1
1","5
　
　
　","2.5
　
　
　"
卡爾佩恩直轄領,卡爾佩恩首都,貧民街1-3號1樓,1,"倉庫
宿舍
農作物加工廠
居住地","1
1
1
1","3
1
　
　","3.0
1.0
　
　"
卡爾佩恩直轄領,卡爾佩恩首都,貧民街1-3號2樓,1,"倉庫
宿舍
魚加工廠
居住地","1
1
1
1","3
1
　
　","3.0
1.0
　
　"
卡爾佩恩直轄領,卡爾佩恩首都,貧民街1-4號1樓,2,"倉庫
宿舍
精鍊廠
居住地","2
1
1
1","5
1
　
　","2.5
0.5
　
　"
卡爾佩恩直轄領,卡爾佩恩首都,貧民街1-4號2樓,2,"倉庫
木工藝工坊
家具工坊
居住地","2
2
2
1","5
　
　
　","2.5
　
　
　"
卡爾佩恩直轄領,卡爾佩恩首都,貧民街1-4號3樓,3,"倉庫
加工坊
家具工坊
居住地","3
1
3
1","8
　
　
　","2.667
　
　
　"
卡爾佩恩直轄領,卡爾佩恩首都,貧民街1-5號,2,"倉庫
手工藝工坊
工具工坊
居住地","2
2
2
1","5
　
　
　","2.5
　
　
　"
卡爾佩恩直轄領,卡爾佩恩首都,貧民街2-1號,1,"倉庫
木材加工廠
居住地","1
1
1","3
　
　","3.0
　
　"
卡爾佩恩直轄領,卡爾佩恩首都,貧民街2-2號1樓,3,"倉庫
宿舍
礦物加工廠
居住地","2
1
1
1","5
1
　
　","1.667
0.333
　
　"
卡爾佩恩直轄領,卡爾佩恩首都,貧民街2-2號2樓,1,"倉庫
宿舍
精鍊廠
居住地","2
2
1
1","5
2
　
　","5.0
2.0
　
　"
卡爾佩恩直轄領,卡爾佩恩首都,貧民街2-3號2樓,1,"倉庫
宿舍
工具工坊
居住地","2
1
2
1","5
1
　
　","5.0
1.0
　
　"
卡爾佩恩直轄領,卡爾佩恩首都,貧民街2-3號3樓,1,"倉庫
宿舍
精鍊廠
居住地","2
2
1
1","5
2
　
　","5.0
2.0
　
　"
卡爾佩恩直轄領,卡爾佩恩首都,貧民街2-4號2樓,1,"倉庫
加工坊
家具工坊
居住地","2
1
2
1","5
　
　
　","5.0
　
　
　"
卡爾佩恩直轄領,卡爾佩恩首都,貧民街2-5號1樓,1,"倉庫
盔甲鍛造工坊
精鍊廠
居住地","3
2
2
1","8
　
　
　","8.0
　
　
　"
卡爾佩恩直轄領,卡爾佩恩首都,貧民街2-5號2樓,3,"倉庫
武器鍛造工坊
手工藝工坊
木工藝工坊
居住地","4
3
3
3
1","12
　
　
　
　","4.0
　
　
　
　"
卡爾佩恩直轄領,卡爾佩恩首都,貧民街2-6號1樓,2,"倉庫
工具工坊
家具工坊
居住地","3
2
2
1","8
　
　
　","4.0
　
　
　"
卡爾佩恩直轄領,卡爾佩恩首都,貧民街2-6號2樓,2,"倉庫
木工藝工坊
精鍊廠
居住地","3
3
2
1","8
　
　
　","4.0
　
　
　"
卡爾佩恩直轄領,卡爾佩恩首都,貧民街2-7號,2,"倉庫
手工藝工坊
加工坊
精鍊廠
居住地","3
3
2
2
1","8
　
　
　
　","4.0
　
　
　
　"
卡爾佩恩直轄領,卡爾佩恩首都,貧民街3-1號1樓,1,"倉庫
宿舍
精鍊廠
居住地","1
1
1
1","3
1
　
　","3.0
1.0
　
　"
卡爾佩恩直轄領,卡爾佩恩首都,貧民街3-1號2樓,2,"倉庫
木工藝工坊
精鍊廠
居住地","2
1
2
1","5
　
　
　","2.5
　
　
　"
卡爾佩恩直轄領,卡爾佩恩首都,貧民街3-2號,2,"倉庫
精鍊廠
農作物加工廠
居住地","1
1
1
1","3
　
　
　","1.5
　
　
　"
卡爾佩恩直轄領,卡爾佩恩首都,貧民街3-3號,2,"倉庫
加工坊
精鍊廠
居住地","2
2
2
1","5
　
　
　","2.5
　
　
　"
卡爾佩恩直轄領,卡爾佩恩首都,貧民街3-4號,3,"倉庫
木工藝工坊
服裝製作廠
家具工坊
居住地","3
3
1
2
1","8
　
　
　
　","2.667
　
　
　
　"
卡爾佩恩直轄領,卡爾佩恩首都,貧民街3-6號,2,"倉庫
手工藝工坊
家具工坊
居住地","2
2
2
1","5
　
　
　","2.5
　
　
　"
卡爾佩恩直轄領,卡爾佩恩首都,市場街1-1號2樓,1,"倉庫
宿舍
木材加工廠
居住地","1
1
1
1","3
1
　
　","3.0
1.0
　
　"
卡爾佩恩直轄領,卡爾佩恩首都,市場街1-2號1樓,2,"倉庫
盔甲鍛造工坊
礦物加工廠
居住地","2
2
1
1","5
　
　
　","2.5
　
　
　"
卡爾佩恩直轄領,卡爾佩恩首都,市場街1-2號2樓,2,"倉庫
武器鍛造工坊
家具工坊
居住地","3
2
2
1","8
　
　
　","4.0
　
　
　"
卡爾佩恩直轄領,卡爾佩恩首都,市場街1-3號2樓,3,"倉庫
宿舍
木工藝工坊
居住地","3
2
3
1","8
2
　
　","2.667
0.667
　
　"
卡爾佩恩直轄領,卡爾佩恩首都,市場街1-4號2樓,5,"倉庫
手工藝工坊
木工藝工坊
精鍊廠
家具工坊
居住地","5
4
4
3
4
1","16
　
　
　
　
　","3.2
　
　
　
　
　"
卡爾佩恩直轄領,卡爾佩恩首都,市場街1-5號,1,"倉庫
宿舍
居住地","1
1
1","3
1
　","3.0
1.0
　"
卡爾佩恩直轄領,卡爾佩恩首都,市場街1-6號1樓,1,"倉庫
家具工坊
魚加工廠
居住地","1
1
1
1","3
　
　
　","3.0
　
　
　"
卡爾佩恩直轄領,卡爾佩恩首都,市場街1-6號2樓,2,"倉庫
工具工坊
船舶零件工坊
居住地","2
2
1
1","5
　
　
　","2.5
　
　
　"
卡爾佩恩直轄領,卡爾佩恩首都,市場街1-7號2樓,3,"倉庫
加工坊
馬具製作工坊
居住地","2
1
1
1","5
　
　
　","1.667
　
　
　"
卡爾佩恩直轄領,卡爾佩恩首都,市場街1-8號1樓,3,"倉庫
家具工坊
居住地","3
1
1","8
　
　","2.667
　
　"
卡爾佩恩直轄領,卡爾佩恩首都,市場街1-8號2樓,1,"倉庫
馬具製作工坊
居住地","2
3
1","5
　
　","5.0
　
　"
卡爾佩恩直轄領,卡爾佩恩首都,市場街1-8號3樓,2,"倉庫
精鍊廠
居住地","3
3
1","8
　
　","4.0
　
　"
卡爾佩恩直轄領,卡爾佩恩首都,市場街2-1號1樓,1,"倉庫
宿舍
居住地","1
1
1","3
1
　","3.0
1.0
　"
卡爾佩恩直轄領,卡爾佩恩首都,市場街2-1號2樓,2,"倉庫
宿舍
精鍊廠
居住地","2
1
1
1","5
1
　
　","2.5
0.5
　
　"
卡爾佩恩直轄領,卡爾佩恩首都,市場街2-2號2樓,1,"倉庫
魚加工廠
木材加工廠
居住地","1
1
1
1","3
　
　
　","3.0
　
　
　"
卡爾佩恩直轄領,卡爾佩恩首都,市場街2-3號1樓,2,"倉庫
精鍊廠
馬車零件工坊
礦物加工廠
居住地","2
1
1
1
1","5
　
　
　
　","2.5
　
　
　
　"
卡爾佩恩直轄領,卡爾佩恩首都,市場街2-3號2樓,4,"倉庫
精鍊廠
居住地","3
2
1","8
　
　","2.0
　
　"
卡爾佩恩直轄領,卡爾佩恩首都,市場街2-4號,4,"倉庫
精鍊廠
居住地","4
2
1","12
　
　","3.0
　
　"
卡爾佩恩直轄領,卡爾佩恩首都,市場街3-1號2樓,1,"倉庫
精鍊廠
居住地","1
1
1","3
　
　","3.0
　
　"
卡爾佩恩直轄領,卡爾佩恩首都,市場街3-2號1樓,1,"倉庫
礦物加工廠
居住地","1
1
1","3
　
　","3.0
　
　"
卡爾佩恩直轄領,卡爾佩恩首都,市場街3-2號2樓,2,"倉庫
工具工坊
居住地","2
2
1","5
　
　","2.5
　
　"
卡爾佩恩直轄領,卡爾佩恩首都,市場街3-2號3樓,4,"倉庫
居住地","3
1","8
　","2.0
　"
卡爾佩恩直轄領,卡爾佩恩首都,市場街3-3號1樓,2,"倉庫
家具工坊
木材加工廠
居住地","2
2
1
1","5
　
　
　","2.5
　
　
　"
卡爾佩恩直轄領,卡爾佩恩首都,市場街3-3號2樓,2,"倉庫
木材加工廠
居住地","2
1
1","5
　
　","2.5
　
　"
卡爾佩恩直轄領,卡爾佩恩首都,市場街3-4號,3,"倉庫
加工坊
馬車零件工坊
家具工坊
居住地","3
2
2
3
1","8
　
　
　
　","2.667
　
　
　
　"
卡爾佩恩直轄領,卡爾佩恩首都,市場街3-5號2樓,2,"倉庫
居住地","3
1","8
　","4.0
　"
卡爾佩恩直轄領,卡爾佩恩首都,市場街3-6號1樓,2,"倉庫
工具工坊
居住地","3
3
1","8
　
　","4.0
　
　"
卡爾佩恩直轄領,卡爾佩恩首都,市場街3-6號2樓,5,"倉庫
武器鍛造工坊
盔甲鍛造工坊
精鍊廠
居住地","3
4
4
3
1","8
　
　
　
　","1.6
　
　
　
　"
卡爾佩恩直轄領,卡爾佩恩首都,市場街4-1號,1,"倉庫
魚加工廠
居住地","1
1
1","3
　
　","3.0
　
　"
卡爾佩恩直轄領,卡爾佩恩首都,市場街4-2號1樓,2,"倉庫
精鍊廠
礦物加工廠
居住地","1
1
1
1","3
　
　
　","1.5
　
　
　"
卡爾佩恩直轄領,卡爾佩恩首都,市場街4-2號2樓,5,"倉庫
居住地","3
1","8
　","1.6
　"
卡爾佩恩直轄領,卡爾佩恩首都,市場街4-3號,1,"倉庫
工具工坊
礦物加工廠
居住地","1
1
1
1","3
　
　
　","3.0
　
　
　"
卡爾佩恩直轄領,卡爾佩恩首都,市場街4-4號1樓,2,"倉庫
手工藝工坊
馬具製作工坊
居住地","2
2
1
1","5
　
　
　","2.5
　
　
　"
卡爾佩恩直轄領,卡爾佩恩首都,市場街4-4號2樓,4,"倉庫
家具工坊
居住地","3
3
1","8
　
　","2.0
　
　"
卡爾佩恩直轄領,卡爾佩恩首都,市場街4-5號1樓,2,"倉庫
木工藝工坊
農作物加工廠
居住地","2
2
1
1","5
　
　
　","2.5
　
　
　"
卡爾佩恩直轄領,卡爾佩恩首都,市場街4-5號2樓,5,"倉庫
武器鍛造工坊
居住地","3
3
1","8
　
　","1.6
　
　"
卡爾佩恩直轄領,卡爾佩恩首都,市場街4-6號,2,"倉庫
盔甲鍛造工坊
馬具製作工坊
居住地","2
2
1
1","5
　
　
　","2.5
　
　
　"
卡爾佩恩直轄領,卡爾佩恩首都,市場街4-7號,3,"倉庫
木工藝工坊
加工坊
居住地","2
3
3
1","5
　
　
　","1.667
　
　
　"
卡爾佩恩直轄領,卡爾佩恩首都,市場街5-1號,5,"倉庫
居住地","2
1","5
　","1.0
　"
卡爾佩恩直轄領,卡爾佩恩首都,市場街5-2號,2,"倉庫
精鍊廠
蘑菇加工廠
居住地","2
1
1
1","5
　
　
　","2.5
　
　
　"
卡爾佩恩直轄領,卡爾佩恩首都,市場街5-3號1樓,1,"倉庫
加工坊
馬具製作工坊
居住地","2
1
1
1","5
　
　
　","5.0
　
　
　"
卡爾佩恩直轄領,卡爾佩恩首都,市場街5-3號2樓,4,"倉庫
精鍊廠
船舶零件工坊
居住地","2
2
2
1","5
　
　
　","1.25
　
　
　"
卡爾佩恩直轄領,卡爾佩恩首都,市場街5-4號1樓,2,"倉庫
武器鍛造工坊
精鍊廠
居住地","2
2
2
1","5
　
　
　","2.5
　
　
　"
卡爾佩恩直轄領,卡爾佩恩首都,市場街5-4號2樓,2,"倉庫
居住地","3
1","8
　","4.0
　"
卡爾佩恩直轄領,卡爾佩恩首都,市場街5-5號1樓,1,"倉庫
宿舍
居住地","1
1
1","3
1
　","3.0
1.0
　"
卡爾佩恩直轄領,卡爾佩恩首都,市場街5-5號2樓,2,"倉庫
宿舍
木材加工廠
居住地","2
1
1
1","5
1
　
　","2.5
0.5
　
　"
卡爾佩恩直轄領,卡爾佩恩首都,市場街5-6號1樓,2,"倉庫
工具工坊
精鍊廠
居住地","2
1
1
1","5
　
　
　","2.5
　
　
　"
卡爾佩恩直轄領,卡爾佩恩首都,市場街5-6號2樓,5,"倉庫
家具工坊
居住地","2
3
1","5
　
　","1.0
　
　"
卡爾佩恩直轄領,卡爾佩恩首都,市場街5-7號,2,"倉庫
盔甲鍛造工坊
加工坊
礦物加工廠
居住地","2
2
1
1
1","5
　
　
　
　","2.5
　
　
　
　"
卡爾佩恩直轄領,卡爾佩恩首都,市場街6-1號2樓,1,"倉庫
魚加工廠
居住地","1
1
1","3
　
　","3.0
　
　"
卡爾佩恩直轄領,卡爾佩恩首都,市場街6-2號,1,"倉庫
精鍊廠
蘑菇加工廠
居住地","1
1
1
1","3
　
　
　","3.0
　
　
　"
卡爾佩恩直轄領,卡爾佩恩首都,市場街6-3號1樓,2,"倉庫
手工藝工坊
木工藝工坊
居住地","2
1
1
1","5
　
　
　","2.5
　
　
　"
卡爾佩恩直轄領,卡爾佩恩首都,市場街6-3號2樓,4,"倉庫
精鍊廠
居住地","3
2
1","8
　
　","2.0
　
　"
卡爾佩恩直轄領,卡爾佩恩首都,市場街6-4號,2,"倉庫
手工藝工坊
工具工坊
居住地","2
2
2
1","5
　
　
　","2.5
　
　
　"
卡爾佩恩直轄領,卡爾佩恩首都,市場街6-5號1樓,2,"倉庫
居住地","3
1","8
　","4.0
　"
卡爾佩恩直轄領,卡爾佩恩首都,市場街6-5號2樓,3,"倉庫
馬具製作工坊
家具工坊
居住地","4
2
3
1","12
　
　
　","4.0
　
　
　"
卡爾佩恩直轄領,卡爾佩恩首都,市場街7-1號1號室,2,"倉庫
工具工坊
精鍊廠
攻城武器製作廠
居住地","3
3
2
3
1","8
　
　
　
　","4.0
　
　
　
　"
卡爾佩恩直轄領,卡爾佩恩首都,市場街7-1號2號室,3,"倉庫
居住地","4
1","12
　","4.0
　"
卡爾佩恩直轄領,卡爾佩恩首都,市場街7-2號,4,"倉庫
木工藝工坊
家具工坊
居住地","3
2
3
1","8
　
　
　","2.0
　
　
　"
卡爾佩恩直轄領,卡爾佩恩首都,市場街7-3號1樓,2,"倉庫
宿舍
蘑菇加工廠
農作物加工廠
居住地","1
1
1
1
1","3
1
　
　
　","1.5
0.5
　
　
　"
卡爾佩恩直轄領,卡爾佩恩首都,市場街7-3號2樓,1,"倉庫
精鍊廠
礦物加工廠
居住地","1
1
1
1","3
　
　
　","3.0
　
　
　"
卡爾佩恩直轄領,卡爾佩恩首都,市場街7-4號2樓,1,"倉庫
宿舍
魚加工廠
居住地","2
1
1
1","5
1
　
　","5.0
1.0
　
　"
卡爾佩恩直轄領,卡爾佩恩首都,市場街7-5號2樓,5,"倉庫
加工坊
居住地","3
2
1","8
　
　","1.6
　
　"
卡爾佩恩直轄領,卡爾佩恩首都,市場街7-6號1樓,2,"倉庫
宿舍
居住地","2
2
1","5
2
　","2.5
1.0
　"
卡爾佩恩直轄領,卡爾佩恩首都,市場街7-6號2樓,2,"倉庫
宿舍
服裝製作廠
居住地","3
3
1
1","8
4
　
　","4.0
2.0
　
　"
卡爾佩恩直轄領,卡爾佩恩首都,市場街7-6號3樓,3,"倉庫
宿舍
居住地","4
3
1","12
4
　","4.0
1.333
　"
卡爾佩恩直轄領,卡爾佩恩首都,市場街7-7號1樓,3,"倉庫
居住地","3
1","8
　","2.667
　"
卡爾佩恩直轄領,卡爾佩恩首都,市場街7-7號2樓,5,"倉庫
造船廠
居住地","5
1
1","16
　
　","3.2
　
　"
卡爾佩恩直轄領,卡爾佩恩首都,貴族街1-1號,1,"倉庫
精鍊廠
居住地","1
1
1","3
　
　","3.0
　
　"
卡爾佩恩直轄領,卡爾佩恩首都,貴族街1-2號2樓,1,"倉庫
精鍊廠
礦物加工廠
居住地","1
1
1
1","3
　
　
　","3.0
　
　
　"
卡爾佩恩直轄領,卡爾佩恩首都,貴族街1-3號,2,"倉庫
工具工坊
精鍊廠
居住地","2
2
2
1","5
　
　
　","2.5
　
　
　"
卡爾佩恩直轄領,卡爾佩恩首都,貴族街1-4號1樓,3,"倉庫
手工藝工坊
木工藝工坊
居住地","3
2
2
1","8
　
　
　","2.667
　
　
　"
卡爾佩恩直轄領,卡爾佩恩首都,貴族街1-4號2樓,5,"倉庫
盔甲鍛造工坊
馬具製作工坊
居住地","3
5
3
1","8
　
　
　","1.6
　
　
　"
卡爾佩恩直轄領,卡爾佩恩首都,貴族街1-5號1樓,2,"倉庫
盔甲鍛造工坊
精鍊廠
居住地","2
2
2
1","5
　
　
　","2.5
　
　
　"
卡爾佩恩直轄領,卡爾佩恩首都,貴族街1-5號2樓,4,"倉庫
工具工坊
家具工坊
居住地","3
3
4
1","8
　
　
　","2.0
　
　
　"
卡爾佩恩直轄領,卡爾佩恩首都,貴族街1-6號,3,"倉庫
服裝製作廠
馬具製作工坊
木材加工廠
居住地","3
2
2
1
1","8
　
　
　
　","2.667
　
　
　
　"
卡爾佩恩直轄領,卡爾佩恩首都,貴族街1-7號1樓,2,"倉庫
精鍊廠
家具工坊
居住地","3
2
3
1","8
　
　
　","4.0
　
　
　"
卡爾佩恩直轄領,卡爾佩恩首都,貴族街1-7號2樓,2,"倉庫
武器鍛造工坊
加工坊
居住地","4
3
3
1","12
　
　
　","6.0
　
　
　"
卡爾佩恩直轄領,卡爾佩恩首都,貴族街1-7號3樓,3,"倉庫
精鍊廠
家具工坊
居住地","5
3
4
1","16
　
　
　","5.333
　
　
　"
卡爾佩恩直轄領,卡爾佩恩首都,貴族街2-1號,1,"倉庫
精鍊廠
居住地","1
1
1","3
　
　","3.0
　
　"
卡爾佩恩直轄領,卡爾佩恩首都,貴族街2-2號1樓,1,"倉庫
精鍊廠
木材加工廠
居住地","1
1
1
1","3
　
　
　","3.0
　
　
　"
卡爾佩恩直轄領,卡爾佩恩首都,貴族街2-2號2樓,3,"倉庫
加工坊
精鍊廠
居住地","1
1
2
1","3
　
　
　","1.0
　
　
　"
卡爾佩恩直轄領,卡爾佩恩首都,貴族街2-3號1樓,1,"倉庫
工具工坊
蘑菇加工廠
居住地","2
1
1
1","5
　
　
　","5.0
　
　
　"
卡爾佩恩直轄領,卡爾佩恩首都,貴族街2-3號2樓,2,"倉庫
盔甲鍛造工坊
木工藝工坊
木材加工廠
居住地","2
2
2
1
1","5
　
　
　
　","2.5
　
　
　
　"
卡爾佩恩直轄領,卡爾佩恩首都,貴族街2-4號1樓,2,"倉庫
精鍊廠
馬車零件工坊
礦物加工廠
居住地","2
1
1
1
1","5
　
　
　
　","2.5
　
　
　
　"
卡爾佩恩直轄領,卡爾佩恩首都,貴族街2-4號2樓,2,"倉庫
武器鍛造工坊
精鍊廠
居住地","3
2
2
1","8
　
　
　","4.0
　
　
　"
卡爾佩恩直轄領,卡爾佩恩首都,貴族街2-3號3樓,3,"倉庫
手工藝工坊
攻城武器製作廠
家具工坊
居住地","4
3
3
3
1","12
　
　
　
　","4.0
　
　
　
　"
卡爾佩恩直轄領,卡爾佩恩首都,商團街1-1號1號室,1,"倉庫
魚加工廠
礦物加工廠
居住地","1
1
1
1","3
　
　
　","3.0
　
　
　"
卡爾佩恩直轄領,卡爾佩恩首都,商團街1-1號2號室,2,"倉庫
木材加工廠
居住地","2
1
1","5
　
　","2.5
　
　"
卡爾佩恩直轄領,卡爾佩恩首都,商團街1-1號3號室,3,"倉庫
工具工坊
船舶零件工坊
家具工坊
居住地","3
3
2
2
1","8
　
　
　
　","2.667
　
　
　
　"
卡爾佩恩直轄領,卡爾佩恩首都,商團街1-2號,1,"倉庫
精鍊廠
安全性資產管理所
居住地","1
1
1
1","3
　
　
　","3.0
　
　
　"
卡爾佩恩直轄領,卡爾佩恩首都,商團街2-1號1號室,2,"倉庫
工具工坊
攻城武器製作廠
木材加工廠
居住地","2
2
2
1
1","5
　
　
　
　","2.5
　
　
　
　"
卡爾佩恩直轄領,卡爾佩恩首都,商團街2-1號2號室,2,"倉庫
精鍊廠
居住地","3
2
1","8
　
　","4.0
　
　"
卡爾佩恩直轄領,卡爾佩恩首都,商團街2-2號1樓,1,"倉庫
精鍊廠
居住地","1
1
1","3
　
　","3.0
　
　"
卡爾佩恩直轄領,卡爾佩恩首都,商團街2-3號2樓,1,"倉庫
蘑菇加工廠
礦物加工廠
居住地","1
1
1
1","3
　
　
　","3.0
　
　
　"
卡爾佩恩直轄領,卡爾佩恩首都,商團街2-4號1樓,2,"倉庫
木工藝工坊
居住地","2
1
1","5
　
　","2.5
　
　"
卡爾佩恩直轄領,卡爾佩恩首都,商團街2-4號2樓,2,"倉庫
手工藝工坊
木工藝工坊
居住地","3
2
2
1","8
　
　
　","4.0
　
　
　"
卡爾佩恩直轄領,卡爾佩恩首都,商團街2-5號地下,2,"倉庫
加工坊
居住地","3
2
1","8
　
　","4.0
　
　"
卡爾佩恩直轄領,卡爾佩恩首都,商團街2-5號1樓,3,"倉庫
服裝製作廠
家具工坊
居住地","5
2
3
1","16
　
　
　","5.333
　
　
　"
卡爾佩恩直轄領,卡爾佩恩首都,商團街2-6號,5,"倉庫
家具工坊
居住地","5
4
1","16
　
　","3.2
　
　"
卡爾佩恩直轄領,卡爾佩恩首都,商團街2-7號1樓,1,"倉庫
精鍊廠
家具工坊
居住地","3
2
3
1","8
　
　
　","8.0
　
　
　"
卡爾佩恩直轄領,卡爾佩恩首都,商團街2-7號2樓,2,"倉庫
精鍊廠
馬車零件工坊
居住地","3
3
2
1","8
　
　
　","4.0
　
　
　"
卡爾佩恩直轄領,卡爾佩恩首都,商團街2-7號3樓,2,"倉庫
馬具製作工坊
居住地","4
3
1","12
　
　","6.0
　
　"
卡爾佩恩直轄領,卡爾佩恩首都,商團街2-8號,2,"倉庫
手工藝工坊
居住地","3
2
1","8
　
　","4.0
　
　"
卡爾佩恩直轄領,卡爾佩恩首都,商團街2-9號1樓,2,"倉庫
武器鍛造工坊
家具工坊
居住地","2
1
1
1","5
　
　
　","2.5
　
　
　"
卡爾佩恩直轄領,卡爾佩恩首都,商團街2-9號2樓,5,"倉庫
居住地","4
1","12
　","2.4
　"
卡爾佩恩直轄領,卡爾佩恩首都,商團街3-1號,5,"倉庫
馬具製作工坊
居住地","5
3
1","16
　
　","3.2
　
　"
卡爾佩恩直轄領,卡爾佩恩首都,商團街3-2號1樓,3,"倉庫
工具工坊
馬具製作工坊
居住地","3
2
2
1","8
　
　
　","2.667
　
　
　"
卡爾佩恩直轄領,卡爾佩恩首都,商團街3-2號2樓,3,"倉庫
木工藝工坊
加工坊
居住地","4
3
3
1","12
　
　
　","4.0
　
　
　"
卡爾佩恩直轄領,卡爾佩恩首都,商團街3-3號1樓,2,"倉庫
精鍊廠
居住地","2
1
1","5
　
　","2.5
　
　"
卡爾佩恩直轄領,卡爾佩恩首都,商團街3-3號2樓,3,"倉庫
精鍊廠
家具工坊
居住地","3
2
2
1","8
　
　
　","2.667
　
　
　"
卡爾佩恩直轄領,卡爾佩恩首都,商團街3-4號1樓,1,"倉庫
魚加工廠
礦物加工廠
居住地","1
1
1
1","3
　
　
　","3.0
　
　
　"
卡爾佩恩直轄領,卡爾佩恩首都,商團街3-4號2樓,2,"倉庫
居住地","2
1","5
　","2.5
　"
卡爾佩恩直轄領,卡爾佩恩首都,商團街3-5號1樓,1,"倉庫
農作物加工廠
居住地","1
1
1","3
　
　","3.0
　
　"
卡爾佩恩直轄領,卡爾佩恩首都,商團街3-5號2樓,1,"倉庫
精鍊廠
蘑菇加工廠
居住地","1
1
1
1","3
　
　
　","3.0
　
　
　"
卡爾佩恩直轄領,卡爾佩恩首都,商團街3-6號1樓,1,"倉庫
工具工坊
精鍊廠
居住地","1
1
1
1","3
　
　
　","3.0
　
　
　"
卡爾佩恩直轄領,卡爾佩恩首都,商團街3-6號2樓,2,"倉庫
加工坊
馬具製作工坊
居住地","2
1
1
1","5
　
　
　","2.5
　
　
　"
卡爾佩恩直轄領,卡爾佩恩首都,商團街3-7號1樓,2,"倉庫
盔甲鍛造工坊
居住地","2
2
1","5
　
　","2.5
　
　"
卡爾佩恩直轄領,卡爾佩恩首都,商團街3-7號2樓,4,"倉庫
手工藝工坊
精鍊廠
居住地","3
3
2
1","8
　
　
　","2.0
　
　
　"
卡爾佩恩直轄領,卡爾佩恩首都,商團街3-8號,2,"倉庫
家具工坊
居住地","2
3
1","5
　
　","2.5
　
　"
卡爾佩恩直轄領,卡爾佩恩首都,商團街3-9號1樓,2,"倉庫
加工坊
工具工坊
居住地","3
2
3
1","8
　
　
　","4.0
　
　
　"
卡爾佩恩直轄領,卡爾佩恩首都,商團街3-9號2樓,5,"倉庫
家具工坊
居住地","5
4
1","16
　
　","3.2
　
　"
卡爾佩恩直轄領,卡爾佩恩首都,工坊區1-1號1號室,1,"倉庫
精鍊廠
居住地","1
1
1","3
　
　","3.0
　
　"
卡爾佩恩直轄領,卡爾佩恩首都,工坊區1-1號2號室,2,"倉庫
武器鍛造工坊
攻城武器製作廠
礦物加工廠
居住地","2
1
1
1
1","5
　
　
　
　","2.5
　
　
　
　"
卡爾佩恩直轄領,卡爾佩恩首都,工坊區1-2號1樓,2,"倉庫
加工坊
工具工坊
居住地","2
1
2
1","5
　
　
　","2.5
　
　
　"
卡爾佩恩直轄領,卡爾佩恩首都,工坊區1-3號,2,"倉庫
馬具製作工坊
家具工坊
居住地","2
1
2
1","5
　
　
　","2.5
　
　
　"
卡爾佩恩直轄領,卡爾佩恩首都,工坊區1-4號1樓,3,"倉庫
手工藝工坊
工具工坊
居住地","3
2
3
1","8
　
　
　","2.667
　
　
　"
卡爾佩恩直轄領,卡爾佩恩首都,工坊區1-4號2樓,1,"倉庫
盔甲鍛造工坊
居住地","3
3
1","8
　
　","8.0
　
　"
卡爾佩恩直轄領,卡爾佩恩首都,工坊區1-5號1樓,2,"倉庫
木工藝工坊
木材加工廠
居住地","3
3
1
1","8
　
　
　","4.0
　
　
　"
卡爾佩恩直轄領,卡爾佩恩首都,工坊區1-5號2樓,3,"倉庫
手工藝工坊
加工坊
居住地","4
3
3
1","12
　
　
　","4.0
　
　
　"
卡爾佩恩直轄領,卡爾佩恩首都,工坊區1-6號1樓,5,"倉庫
馬車製作廠
居住地","5
3
1","16
　
　","3.2
　
　"
卡爾佩恩直轄領,卡爾佩恩首都,工坊區2-1號1樓,1,"倉庫
精鍊廠
居住地","1
1
1","3
　
　","3.0
　
　"
卡爾佩恩直轄領,卡爾佩恩首都,工坊區2-1號2樓,2,"倉庫
盔甲鍛造工坊
礦物加工廠
居住地","2
1
1
1","5
　
　
　","2.5
　
　
　"
卡爾佩恩直轄領,卡爾佩恩首都,工坊區2-2號1樓,1,"倉庫
精鍊廠
木材加工廠
居住地","1
1
1
1","3
　
　
　","3.0
　
　
　"
卡爾佩恩直轄領,卡爾佩恩首都,工坊區2-2號2樓,2,"倉庫
木工藝工坊
工具工坊
居住地","2
2
2
1","5
　
　
　","2.5
　
　
　"
卡爾佩恩直轄領,卡爾佩恩首都,工坊區2-3號1樓,2,"倉庫
加工坊
工具工坊
居住地","2
1
2
1","5
　
　
　","2.5
　
　
　"
卡爾佩恩直轄領,卡爾佩恩首都,工坊區2-3號2樓,5,"倉庫
家具工坊
居住地","4
5
1","12
　
　","2.4
　
　"
卡爾佩恩直轄領,卡爾佩恩首都,工坊區2-4號2樓,2,"倉庫
手工藝工坊
工具工坊
居住地","3
2
2
1","8
　
　
　","4.0
　
　
　"
卡爾佩恩直轄領,卡爾佩恩首都,工坊區2-5號1樓,3,"倉庫
武器鍛造工坊
盔甲鍛造工坊
攻城武器製作廠
居住地","4
3
3
3
1","12
　
　
　
　","4.0
　
　
　
　"
卡爾佩恩直轄領,卡爾佩恩首都,工坊區2-5號2樓,5,"倉庫
馬具製作工坊
居住地","5
3
1","16
　
　","3.2
　
　"
卡爾佩恩直轄領,卡爾佩恩首都,禮拜堂1-1號1樓,1,"倉庫
農作物加工廠
居住地","1
1
1","3
　
　","3.0
　
　"
卡爾佩恩直轄領,卡爾佩恩首都,禮拜堂1-2號,1,"倉庫
工具工坊
魚加工廠
居住地","1
1
1
1","3
　
　
　","3.0
　
　
　"
卡爾佩恩直轄領,卡爾佩恩首都,禮拜堂1-3號1樓,3,"倉庫
木材加工廠
礦物加工廠
居住地","2
1
1
1","5
　
　
　","1.667
　
　
　"
卡爾佩恩直轄領,卡爾佩恩首都,禮拜堂1-4號1樓,1,"倉庫
手工藝工坊
馬具製作工坊
居住地","2
2
1
1","5
　
　
　","5.0
　
　
　"
卡爾佩恩直轄領,卡爾佩恩首都,禮拜堂2-1號1樓,1,"倉庫
魚加工廠
居住地","1
1
1","3
　
　","3.0
　
　"
卡爾佩恩直轄領,卡爾佩恩首都,禮拜堂2-2號1樓,2,"倉庫
礦物加工廠
居住地","2
1
1","5
　
　","2.5
　
　"
卡爾佩恩直轄領,卡爾佩恩首都,禮拜堂2-3號1樓,3,"倉庫
工具工坊
馬具製作工坊
木材加工廠
居住地","3
2
1
1
1","8
　
　
　
　","2.667
　
　
　
　"
卡爾佩恩直轄領,卡爾佩恩首都,禮拜堂2-3號2樓,2,"倉庫
武器鍛造工坊
精鍊廠
居住地","3
3
2
1","8
　
　
　","4.0
　
　
　"
卡爾佩恩直轄領,卡爾佩恩首都,禮拜堂2-4號,2,"倉庫
盔甲鍛造工坊
木工藝工坊
居住地","2
2
3
1","5
　
　
　","2.5
　
　
　"
卡爾佩恩直轄領,卡爾佩恩首都,禮拜堂2-5號1樓,1,"倉庫
宿舍
居住地","2
2
1","5
2
　","5.0
2.0
　"
卡爾佩恩直轄領,卡爾佩恩首都,禮拜堂2-5號2樓,2,"倉庫
宿舍
服裝製作廠
居住地","3
3
1
1","8
4
　
　","4.0
2.0
　
　"
卡爾佩恩直轄領,卡爾佩恩首都,禮拜堂2-5號3樓,3,"倉庫
宿舍
船舶零件工坊
居住地","4
3
3
1","12
4
　
　","4.0
1.333
　
　"
卡爾佩恩直轄領,卡爾佩恩首都,禮拜堂3-1號,1,"倉庫
精鍊廠
居住地","1
1
1","3
　
　","3.0
　
　"
卡爾佩恩直轄領,卡爾佩恩首都,禮拜堂3-2號,2,"倉庫
木工藝工坊
木材加工廠
居住地","2
1
1
1","5
　
　
　","2.5
　
　
　"
卡爾佩恩直轄領,卡爾佩恩首都,禮拜堂3-3號,1,"倉庫
盔甲鍛造工坊
礦物加工廠
居住地","2
2
1
1","5
　
　
　","5.0
　
　
　"
卡爾佩恩直轄領,卡爾佩恩首都,禮拜堂3-4號1樓,3,"倉庫
武器鍛造工坊
加工坊
居住地","3
3
1
1","8
　
　
　","2.667
　
　
　"
卡爾佩恩直轄領,卡爾佩恩首都,禮拜堂3-4號2樓,4,"倉庫
手工藝工坊
工具工坊
居住地","4
3
3
1","12
　
　
　","3.0
　
　
　"
卡爾佩恩直轄領,卡爾佩恩首都,禮拜堂3-5號1樓,2,"倉庫
工具工坊
家具工坊
居住地","3
3
4
1","8
　
　
　","4.0
　
　
　"
卡爾佩恩直轄領,卡爾佩恩首都,禮拜堂3-5號2樓,2,"倉庫
武器鍛造工坊
居住地","4
3
1","12
　
　","6.0
　
　"
卡爾佩恩直轄領,卡爾佩恩首都,禮拜堂3-6號,4,"倉庫
盔甲鍛造工坊
馬具製作工坊
居住地","4
3
3
1","12
　
　
　","3.0
　
　
　"
卡爾佩恩直轄領,卡爾佩恩首都,禮拜堂3-7號1樓,2,"倉庫
武器鍛造工坊
加工坊
居住地","2
2
3
1","5
　
　
　","2.5
　
　
　"
卡爾佩恩直轄領,卡爾佩恩首都,禮拜堂3-7號2樓,3,"倉庫
手工藝工坊
木工藝工坊
船舶零件工坊
居住地","3
3
3
2
1","8
　
　
　
　","2.667
　
　
　
　"
卡爾佩恩直轄領,卡爾佩恩首都,禮拜堂3-8號1樓,1,"倉庫
工具工坊
礦物加工廠
居住地","2
2
1
1","5
　
　
　","5.0
　
　
　"
卡爾佩恩直轄領,卡爾佩恩首都,禮拜堂3-8號2樓,2,"倉庫
馬具製作工坊
家具工坊
居住地","3
2
3
1","8
　
　
　","4.0
　
　
　"
卡爾佩恩直轄領,卡爾佩恩首都,禮拜堂3-9號1樓,2,"倉庫
盔甲鍛造工坊
農作物加工廠
居住地","2
1
1
1","5
　
　
　","2.5
　
　
　"
卡爾佩恩直轄領,卡爾佩恩首都,禮拜堂3-9號2樓,3,"倉庫
手工藝工坊
精鍊廠
居住地","2
2
2
1","5
　
　
　","1.667
　
　
　"
卡爾佩恩直轄領,卡爾佩恩首都,禮拜堂3-10號2樓,1,"倉庫
精鍊廠
居住地","1
1
1","3
　
　","3.0
　
　"
卡爾佩恩直轄領,卡爾佩恩首都,禮拜堂4-1號1樓,1,"倉庫
精鍊廠
居住地","1
1
1","3
　
　","3.0
　
　"
卡爾佩恩直轄領,卡爾佩恩首都,禮拜堂4-1號2樓,2,"倉庫
木工藝工坊
木材加工廠
居住地","2
1
1
1","5
　
　
　","2.5
　
　
　"
卡爾佩恩直轄領,卡爾佩恩首都,禮拜堂4-2號1樓,2,"倉庫
工具工坊
礦物加工廠
居住地","2
2
1
1","5
　
　
　","2.5
　
　
　"
卡爾佩恩直轄領,卡爾佩恩首都,禮拜堂4-2號2樓,2,"倉庫
手工藝工坊
加工坊
居住地","3
2
1
1","8
　
　
　","4.0
　
　
　"
卡爾佩恩直轄領,卡爾佩恩首都,禮拜堂4-3號,1,"倉庫
盔甲鍛造工坊
家具工坊
居住地","2
2
2
1","5
　
　
　","5.0
　
　
　"
卡爾佩恩直轄領,卡爾佩恩首都,禮拜堂4-4號1樓,3,"倉庫
盔甲鍛造工坊
馬具製作工坊
礦物加工廠
居住地","3
2
1
1
1","8
　
　
　
　","2.667
　
　
　
　"
卡爾佩恩直轄領,卡爾佩恩首都,禮拜堂4-5號1樓,1,"倉庫
加工坊
家具工坊
居住地","3
2
3
1","8
　
　
　","8.0
　
　
　"
卡爾佩恩直轄領,卡爾佩恩首都,禮拜堂4-5號2樓,3,"倉庫
精鍊廠
馬具製作工坊
馬車零件工坊
居住地","4
3
2
3
1","12
　
　
　
　","4.0
　
　
　
　"
卡爾佩恩直轄領,卡爾佩恩首都,禮拜堂4-7號,5,"倉庫
盔甲鍛造工坊
家具工坊
居住地","5
4
4
1","16
　
　
　","3.2
　
　
　"
卡爾佩恩直轄領,卡爾佩恩首都,商團街3-10號,5,"倉庫
武器鍛造工坊
盔甲鍛造工坊
精鍊廠
居住地","4
3
3
3
1","12
　
　
　
　","2.4
　
　
　
　"
卡爾佩恩直轄領,卡爾佩恩首都,工坊區1-2號地下,1,"倉庫
精鍊廠
木材加工廠
居住地","1
1
1
1","3
　
　
　","3.0
　
　
　"
卡爾佩恩直轄領,卡爾佩恩首都,禮拜堂4-6號,5,"倉庫
武器鍛造工坊
精鍊廠
居住地","4
3
2
1","12
　
　
　","2.4
　
　
　"
卡爾佩恩直轄領,卡爾佩恩首都,禮拜堂1-1號2樓,2,"倉庫
精鍊廠
蘑菇加工廠
居住地","2
1
1
1","5
　
　
　","2.5
　
　
　"
卡爾佩恩直轄領,卡爾佩恩首都,禮拜堂1-3號2樓,3,"倉庫
武器鍛造工坊
木工藝工坊
馬車零件工坊
居住地","3
2
2
2
1","8
　
　
　
　","2.667
　
　
　
　"
卡爾佩恩直轄領,卡爾佩恩首都,禮拜堂1-4號2樓,2,"倉庫
木工藝工坊
家具工坊
居住地","3
3
3
1","8
　
　
　","4.0
　
　
　"
卡爾佩恩直轄領,卡爾佩恩首都,禮拜堂1-4號3樓,4,"倉庫
盔甲鍛造工坊
加工坊
精鍊廠
居住地","4
3
3
2
1","12
　
　
　
　","3.0
　
　
　
　"
卡爾佩恩直轄領,卡爾佩恩首都,禮拜堂2-1號2樓,2,"倉庫
武器鍛造工坊
精鍊廠
居住地","2
1
1
1","5
　
　
　","2.5
　
　
　"
卡爾佩恩直轄領,卡爾佩恩首都,禮拜堂2-2號2樓,2,"倉庫
手工藝工坊
加工坊
居住地","2
2
1
1","5
　
　
　","2.5
　
　
　"
卡爾佩恩直轄領,卡爾佩恩首都,卡爾佩恩北門1號,3,"倉庫
宿舍
馬牧場
精鍊廠
居住地","3
3
5
2
1","8
4
5
　
　","2.667
1.333
1.667
　
　"
卡爾佩恩直轄領,卡爾佩恩首都,卡爾佩恩北門2號,3,"倉庫
宿舍
馬具製作工坊
居住地","3
2
1
1","8
2
　
　","2.667
0.667
　
　"
卡爾佩恩直轄領,卡爾佩恩首都,卡爾佩恩北門3號,2,"倉庫
宿舍
工具工坊
居住地","2
2
2
1","5
2
　
　","2.5
1.0
　
　"
卡爾佩恩直轄領,卡爾佩恩首都,卡爾佩恩北門4號1樓,1,"倉庫
宿舍
蘑菇加工廠
居住地","1
1
1
1","3
1
　
　","3.0
1.0
　
　"
卡爾佩恩直轄領,卡爾佩恩首都,卡爾佩恩北門4號2樓,1,"倉庫
宿舍
精鍊廠
農作物加工廠
居住地","1
1
1
1
1","3
1
　
　
　","3.0
1.0
　
　
　"
卡爾佩恩直轄領,卡爾佩恩首都,卡爾佩恩南門1號,2,"倉庫
宿舍
居住地","2
2
1","5
2
　","2.5
1.0
　"
卡爾佩恩直轄領,卡爾佩恩首都,卡爾佩恩南門2號1樓,1,"倉庫
宿舍
木材加工廠
居住地","2
2
1
1","5
2
　
　","5.0
2.0
　
　"
卡爾佩恩直轄領,卡爾佩恩首都,卡爾佩恩南門2號2樓,2,"倉庫
宿舍
居住地","3
3
1","8
4
　","4.0
2.0
　"
卡爾佩恩直轄領,卡爾佩恩首都,卡爾佩恩南門3號,1,"倉庫
精鍊廠
農作物加工廠
居住地","1
1
1
1","3
　
　
　","3.0
　
　
　"
卡爾佩恩直轄領,卡爾佩恩首都,卡爾佩恩南門4號1樓,2,"倉庫
宿舍
礦物加工廠
居住地","2
2
1
1","5
2
　
　","2.5
1.0
　
　"
卡爾佩恩直轄領,卡爾佩恩首都,卡爾佩恩南門4號2樓,3,"倉庫
精鍊廠
居住地","3
2
1","8
　
　","2.667
　
　"
卡爾佩恩直轄領,卡爾佩恩首都,卡爾佩恩東門1號1樓,1,"倉庫
宿舍
居住地","1
1
1","3
1
　","3.0
1.0
　"
卡爾佩恩直轄領,卡爾佩恩首都,卡爾佩恩東門3號,1,"倉庫
工具工坊
木材加工廠
居住地","2
2
1
1","5
　
　
　","5.0
　
　
　"
卡爾佩恩直轄領,卡爾佩恩首都,卡爾佩恩東門4號1樓,2,"倉庫
宿舍
加工坊
居住地","2
2
1
1","5
2
　
　","2.5
1.0
　
　"
卡爾佩恩直轄領,卡爾佩恩首都,卡爾佩恩東門4號2樓,3,"倉庫
宿舍
木工藝工坊
居住地","3
3
3
1","8
4
　
　","2.667
1.333
　
　"
卡爾佩恩直轄領,卡爾佩恩首都,卡爾佩恩東門4號3樓,3,"倉庫
宿舍
家具工坊
居住地","4
3
4
1","12
4
　
　","4.0
1.333
　
　"
卡爾佩恩直轄領,卡爾佩恩首都,卡爾佩恩東門5號1樓,2,"倉庫
手工藝工坊
精鍊廠
居住地","2
2
2
1","5
　
　
　","2.5
　
　
　"
卡爾佩恩直轄領,卡爾佩恩首都,卡爾佩恩東門5號2樓,4,"倉庫
工具工坊
馬具製作工坊
居住地","3
3
2
1","8
　
　
　","2.0
　
　
　"
卡爾佩恩直轄領,卡爾佩恩首都,卡爾佩恩東門6號1樓,3,"倉庫
精鍊廠
礦物加工廠
居住地","3
2
1
1","8
　
　
　","2.667
　
　
　"
卡爾佩恩直轄領,卡爾佩恩首都,卡爾佩恩東門6號2樓,2,"倉庫
加工坊
馬具製作工坊
居住地","3
1
2
1","8
　
　
　","4.0
　
　
　"
卡爾佩恩直轄領,卡爾佩恩首都,卡爾佩恩東門7號,1,"倉庫
宿舍
居住地","1
1
1","3
1
　","3.0
1.0
　"
卡爾佩恩直轄領,卡爾佩恩首都,卡爾佩恩東門8號1樓,1,"倉庫
宿舍
農作物加工廠
居住地","1
1
1
1","3
1
　
　","3.0
1.0
　
　"
卡爾佩恩直轄領,卡爾佩恩首都,卡爾佩恩東門8號2樓,2,"倉庫
木工藝工坊
精鍊廠
居住地","2
1
1
1","5
　
　
　","2.5
　
　
　"
卡爾佩恩直轄領,卡爾佩恩首都,卡爾佩恩東門9號,2,"倉庫
馬具製作工坊
家具工坊
居住地","2
1
2
1","5
　
　
　","2.5
　
　
　"
卡爾佩恩直轄領,卡爾佩恩首都,卡爾佩恩東門1號2樓,2,"倉庫
宿舍
精鍊廠
居住地","2
2
1
1","5
2
　
　","2.5
1.0
　
　"
卡爾佩恩直轄領,卡爾佩恩首都,卡爾佩恩東門2號,1,"倉庫
魚加工廠
蘑菇加工廠
居住地","1
1
1
1","3
　
　
　","3.0
　
　
　"
卡爾佩恩直轄領,卡爾佩恩首都,嘎比諾農場1號1樓,1,"倉庫
宿舍
攻城武器製作廠
居住地","2
1
1
1","5
1
　
　","5.0
1.0
　
　"
卡爾佩恩直轄領,卡爾佩恩首都,嘎比諾農場1號2樓,2,"倉庫
宿舍
居住地","2
2
1","5
2
　","2.5
1.0
　"
卡爾佩恩直轄領,卡爾佩恩首都,嘎比諾農場2號2樓,1,"倉庫
蘑菇加工廠
居住地","1
1
1","3
　
　","3.0
　
　"
卡爾佩恩直轄領,卡爾佩恩首都,嘎比諾農場3號1樓,1,"倉庫
精鍊廠
魚加工廠
居住地","1
1
1
1","3
　
　
　","3.0
　
　
　"
卡爾佩恩直轄領,卡爾佩恩首都,嘎比諾農場3號2樓,2,"倉庫
精鍊廠
礦物加工廠
居住地","2
2
1
1","5
　
　
　","2.5
　
　
　"
卡爾佩恩直轄領,卡爾佩恩首都,嘎比諾農場4號1樓,2,"倉庫
精鍊廠
農作物加工廠
居住地","2
2
1
1","5
　
　
　","2.5
　
　
　"
卡爾佩恩直轄領,卡爾佩恩首都,嘎比諾農場4號2樓,3,"倉庫
宿舍
精鍊廠
攻城武器製作廠
居住地","3
5
3
2
1","8
8
　
　
　","2.667
2.667
　
　
　"
卡爾佩恩直轄領,卡爾佩恩首都,嘎比諾農場5號,1,"倉庫
農作物加工廠
居住地","2
1
1","5
　
　","5.0
　
　"
卡爾佩恩直轄領,卡爾佩恩首都,嘎比諾農場6號1樓,2,"倉庫
工具工坊
木材加工廠
居住地","2
2
1
1","5
　
　
　","2.5
　
　
　"
卡爾佩恩直轄領,卡爾佩恩首都,嘎比諾農場6號2樓,2,"倉庫
精鍊廠
家具工坊
居住地","3
2
2
1","8
　
　
　","4.0
　
　
　"
卡爾佩恩直轄領,卡爾佩恩首都,嘎比諾農場7號,4,"倉庫
加工坊
居住地","4
2
1","12
　
　","3.0
　
　"
卡爾佩恩直轄領,卡爾佩恩首都,卡爾佩恩,戴爾佩騎士團城1號1樓,1,"倉庫
居住地","2
1","5
　","5.0
　"
卡爾佩恩直轄領,卡爾佩恩首都,卡爾佩恩,戴爾佩騎士團城1號2樓,2,"倉庫
居住地","3
1","8
　","4.0
　"
梅迪亞直轄領,爾提諾巴,阿凡村莊1-1號,1,"倉庫
精鍊廠
居住地","1
1
1","3
　
　","3.0
　
　"
梅迪亞直轄領,爾提諾巴,阿凡村莊1-2號,1,"倉庫
宿舍
木材加工廠
居住地","1
1
1
1","3
1
　
　","3.0
1.0
　
　"
梅迪亞直轄領,爾提諾巴,阿凡村莊1-3號,2,"倉庫
宿舍
工具工坊
居住地","2
2
1
1","5
2
　
　","2.5
1.0
　
　"
梅迪亞直轄領,爾提諾巴,阿凡村莊2-1號,1,"倉庫
魚加工廠
居住地","1
1
1","3
　
　","3.0
　
　"
梅迪亞直轄領,爾提諾巴,阿凡村莊2-2號,1,"倉庫
礦物加工廠
居住地","1
1
1","3
　
　","3.0
　
　"
梅迪亞直轄領,塔利波村莊,阿特農場1號,1,"倉庫
宿舍
居住地","1
1
1","3
1
　","3.0
1.0
　"
梅迪亞直轄領,塔利波村莊,阿特農場2號,2,"倉庫
宿舍
精鍊廠
居住地","1
1
1
1","3
1
　
　","1.5
0.5
　
　"
梅迪亞直轄領,塔利波村莊,卡蘇拉農場1號,1,"倉庫
蘑菇加工廠
居住地","1
1
1","3
　
　","3.0
　
　"
梅迪亞直轄領,塔利波村莊,卡蘇拉農場2號,2,"倉庫
手工藝工坊
工具工坊
居住地","2
1
1
1","5
　
　
　","2.5
　
　
　"
梅迪亞直轄領,塔利波村莊,卡蘇拉農場3號,1,"倉庫
蘑菇加工廠
居住地","1
1
1","3
　
　","3.0
　
　"
梅迪亞直轄領,塔利波村莊,卡蘇拉農場4號,1,"倉庫
木工藝工坊
居住地","1
1
1","3
　
　","3.0
　
　"
梅迪亞直轄領,爾提諾巴,石尾丘陵馬牧場1號,1,"倉庫
精鍊廠
居住地","1
1
1","3
　
　","3.0
　
　"
梅迪亞直轄領,爾提諾巴,石尾丘陵馬牧場2號,1,"倉庫
蘑菇加工廠
居住地","1
1
1","3
　
　","3.0
　
　"
梅迪亞直轄領,爾提諾巴,石尾丘陵馬牧場3號,2,"倉庫
宿舍
精鍊廠
馬具製作工坊
居住地","2
2
1
2
1","5
2
　
　
　","2.5
1.0
　
　
　"
梅迪亞直轄領,爾提諾巴,克沙村莊2號,2,"倉庫
精鍊廠
農作物加工廠
居住地","2
1
1
1","5
　
　
　","2.5
　
　
　"
梅迪亞直轄領,爾提諾巴,克沙村莊1-1號,1,"倉庫
宿舍
居住地","1
1
1","3
1
　","3.0
1.0
　"
梅迪亞直轄領,爾提諾巴,克沙村莊1-2號,1,"倉庫
精鍊廠
蘑菇加工廠
居住地","1
1
1
1","3
　
　
　","3.0
　
　
　"
梅迪亞直轄領,爾提諾巴,克沙村莊1-3號,2,"倉庫
加工坊
工具工坊
居住地","2
1
2
1","5
　
　
　","2.5
　
　
　"
梅迪亞直轄領,塔利波村莊,塔利波村莊1-4號,3,"倉庫
精鍊廠
造船廠
居住地","3
3
1
1","8
　
　
　","2.667
　
　
　"
梅迪亞直轄領,塔利波村莊,塔利波村莊1-1號,1,"倉庫
農作物加工廠
居住地","1
1
1","3
　
　","3.0
　
　"
梅迪亞直轄領,塔利波村莊,塔利波村莊1-2號,1,"倉庫
木材加工廠
礦物加工廠
居住地","1
1
1
1","3
　
　
　","3.0
　
　
　"
梅迪亞直轄領,塔利波村莊,塔利波村莊1-3號,2,"倉庫
工具工坊
馬具製作工坊
家具工坊
居住地","2
2
1
1
1","5
　
　
　
　","2.5
　
　
　
　"
梅迪亞直轄領,塔利波村莊,塔利波村莊2-1號1號室,1,"倉庫
魚加工廠
居住地","1
1
1","3
　
　","3.0
　
　"
梅迪亞直轄領,塔利波村莊,塔利波村莊2-1號2號室,1,"倉庫
工具工坊
蘑菇加工廠
居住地","1
1
1
1","3
　
　
　","3.0
　
　
　"
梅迪亞直轄領,塔利波村莊,塔利波村莊2-2號1樓,1,"倉庫
木工藝工坊
加工坊
殘月工坊
居住地","1
1
1
1
1","3
　
　
　
　","3.0
　
　
　
　"
梅迪亞直轄領,塔利波村莊,塔利波村莊2-2號2樓,2,"倉庫
宿舍
家具工坊
居住地","2
2
2
1","5
2
　
　","2.5
1.0
　
　"
梅迪亞直轄領,塔利波村莊,塔利波村莊2-3號,3,"倉庫
精鍊廠
塔利波工坊
居住地","3
2
3
1","8
　
　
　","2.667
　
　
　"
梅迪亞直轄領,塔利波村莊,水噹噹村莊1-1號,1,"倉庫
魚加工廠
居住地","1
1
1","3
　
　","3.0
　
　"
梅迪亞直轄領,塔利波村莊,水噹噹村莊1-2號,1,"倉庫
工具工坊
家具工坊
礦物加工廠
居住地","1
1
1
1
1","3
　
　
　
　","3.0
　
　
　
　"
梅迪亞直轄領,塔利波村莊,水噹噹村莊2-1號,1,"倉庫
魚加工廠
居住地","1
1
1","3
　
　","3.0
　
　"
梅迪亞直轄領,塔利波村莊,水噹噹村莊2-2號,1,"倉庫
精鍊廠
木材加工廠
居住地","1
1
1
1","3
　
　
　","3.0
　
　
　"
梅迪亞直轄領,塔利波村莊,水噹噹村莊2-3號,1,"倉庫
手工藝工坊
居住地","2
1
1","5
　
　","5.0
　
　"
梅迪亞直轄領,塔利波村莊,修利農場1號,1,"倉庫
宿舍
農作物加工廠
居住地","1
1
1
1","3
1
　
　","3.0
1.0
　
　"
梅迪亞直轄領,塔利波村莊,修利農場2號,2,"倉庫
宿舍
工具工坊
居住地","2
2
1
1","5
2
　
　","2.5
1.0
　
　"
梅迪亞直轄領,爾提諾巴,爾提諾巴1-1號1樓,2,"倉庫
工具工坊
礦物加工廠
居住地","1
1
1
1","3
　
　
　","1.5
　
　
　"
梅迪亞直轄領,爾提諾巴,爾提諾巴1-1號2樓,2,"倉庫
家具工坊
居住地","2
1
1","5
　
　","2.5
　
　"
梅迪亞直轄領,爾提諾巴,爾提諾巴1-2號,4,"倉庫
盔甲鍛造工坊
馬具製作工坊
居住地","3
2
1
1","8
　
　
　","2.0
　
　
　"
梅迪亞直轄領,爾提諾巴,爾提諾巴2-1號1樓,1,"倉庫
蘑菇加工廠
居住地","1
1
1","3
　
　","3.0
　
　"
梅迪亞直轄領,爾提諾巴,爾提諾巴2-1號2樓,4,"倉庫
精鍊廠
馬車零件工坊
居住地","3
2
1
1","8
　
　
　","2.0
　
　
　"
梅迪亞直轄領,爾提諾巴,爾提諾巴2-2號,3,"倉庫
加工坊
居住地","3
1
1","8
　
　","2.667
　
　"
梅迪亞直轄領,爾提諾巴,爾提諾巴2-3號,5,"倉庫
工具工坊
服裝製作廠
馬具製作工坊
居住地","4
3
2
3
1","12
　
　
　
　","2.4
　
　
　
　"
梅迪亞直轄領,爾提諾巴,爾提諾巴3-1號,2,"倉庫
工具工坊
木材加工廠
居住地","1
1
1
1","3
　
　
　","1.5
　
　
　"
梅迪亞直轄領,爾提諾巴,爾提諾巴3-2號,2,"倉庫
手工藝工坊
精鍊廠
居住地","2
1
1
1","5
　
　
　","2.5
　
　
　"
梅迪亞直轄領,爾提諾巴,爾提諾巴3-3號,3,"倉庫
武器鍛造工坊
木工藝工坊
居住地","3
2
3
1","8
　
　
　","2.667
　
　
　"
梅迪亞直轄領,爾提諾巴,爾提諾巴3-4號,3,"倉庫
盔甲鍛造工坊
居住地","3
4
1","8
　
　","2.667
　
　"
梅迪亞直轄領,爾提諾巴,爾提諾巴3-5號,4,"倉庫
船舶零件工坊
家具工坊
居住地","5
3
4
1","16
　
　
　","4.0
　
　
　"
梅迪亞直轄領,爾提諾巴,爾提諾巴4-1號,1,"倉庫
木材加工廠
居住地","1
1
1","3
　
　","3.0
　
　"
梅迪亞直轄領,爾提諾巴,爾提諾巴4-2號,3,"倉庫
馬具製作工坊
居住地","2
1
1","5
　
　","1.667
　
　"
梅迪亞直轄領,爾提諾巴,爾提諾巴4-3號,2,"倉庫
精鍊廠
居住地","2
2
1","5
　
　","2.5
　
　"
梅迪亞直轄領,爾提諾巴,爾提諾巴4-4號,2,"倉庫
家具工坊
居住地","3
3
1","8
　
　","4.0
　
　"
梅迪亞直轄領,爾提諾巴,爾提諾巴4-5號,3,"倉庫
加工坊
船舶零件工坊
居住地","5
5
3
1","16
　
　
　","5.333
　
　
　"
梅迪亞直轄領,爾提諾巴,爾提諾巴5-1號,2,"倉庫
木工藝工坊
居住地","2
2
1","5
　
　","2.5
　
　"
梅迪亞直轄領,爾提諾巴,爾提諾巴5-2號,3,"倉庫
加工坊
攻城武器製作廠
居住地","2
3
2
1","5
　
　
　","1.667
　
　
　"
梅迪亞直轄領,爾提諾巴,爾提諾巴5-3號,5,"倉庫
木工藝工坊
居住地","4
4
1","12
　
　","2.4
　
　"
梅迪亞直轄領,爾提諾巴,爾提諾巴5-4號,1,"倉庫
農作物加工廠
居住地","1
1
1","3
　
　","3.0
　
　"
梅迪亞直轄領,爾提諾巴,爾提諾巴5-5號,3,"倉庫
工具工坊
居住地","2
2
1","5
　
　","1.667
　
　"
梅迪亞直轄領,爾提諾巴,爾提諾巴5-6號,2,"倉庫
武器鍛造工坊
手工藝工坊
居住地","2
2
3
1","5
　
　
　","2.5
　
　
　"
梅迪亞直轄領,爾提諾巴,爾提諾巴5-7號,2,"倉庫
精鍊廠
攻城武器製作廠
居住地","3
2
3
1","8
　
　
　","4.0
　
　
　"
梅迪亞直轄領,爾提諾巴,爾提諾巴5-8號,3,"倉庫
盔甲鍛造工坊
精鍊廠
馬車製作廠
摩諾斯加工坊
居住地","5
5
3
3
3
1","16
　
　
　
　
　","5.333
　
　
　
　
　"
梅迪亞直轄領,爾提諾巴,爾提諾巴6-1號,1,"倉庫
宿舍
居住地","1
1
1","3
1
　","3.0
1.0
　"
梅迪亞直轄領,爾提諾巴,爾提諾巴6-2號,2,"倉庫
宿舍
盔甲鍛造工坊
居住地","2
2
1
1","5
2
　
　","2.5
1.0
　
　"
梅迪亞直轄領,爾提諾巴,爾提諾巴6-3號1樓,1,"倉庫
宿舍
工具工坊
居住地","1
2
2
1","3
2
　
　","3.0
2.0
　
　"
梅迪亞直轄領,爾提諾巴,爾提諾巴6-3號2樓,4,"倉庫
手工藝工坊
居住地","4
4
1","12
　
　","3.0
　
　"
梅迪亞直轄領,爾提諾巴,爾提諾巴6-4號,3,"倉庫
宿舍
手工藝工坊
精鍊廠
居住地","3
3
3
2
1","8
4
　
　
　","2.667
1.333
　
　
　"
梅迪亞直轄領,爾提諾巴,爾提諾巴6-5號,2,"倉庫
加工坊
服裝製作廠
攻城武器製作廠
居住地","3
4
2
3
1","8
　
　
　
　","4.0
　
　
　
　"
梅迪亞直轄領,爾提諾巴,爾提諾巴6-6號,4,"倉庫
居住地","5
1","16
　","4.0
　"
梅迪亞直轄領,爾提諾巴,爾提諾巴7-1號,5,"倉庫
精鍊廠
造船廠
風險資產管理所
居住地","5
3
2
1
1","16
　
　
　
　","3.2
　
　
　
　"
梅迪亞直轄領,爾提諾巴,爾提諾巴7-2號,3,"倉庫
加工坊
工具工坊
居住地","3
3
3
1","8
　
　
　","2.667
　
　
　"
梅迪亞直轄領,爾提諾巴,爾提諾巴8-1號,2,"倉庫
精鍊廠
魚加工廠
居住地","1
1
1
1","3
　
　
　","1.5
　
　
　"
梅迪亞直轄領,爾提諾巴,爾提諾巴8-2號,2,"倉庫
船舶零件工坊
家具工坊
居住地","2
1
2
1","5
　
　
　","2.5
　
　
　"
梅迪亞直轄領,爾提諾巴,爾提諾巴8-3號,4,"倉庫
馬具製作工坊
居住地","3
2
1","8
　
　","2.0
　
　"
梅迪亞直轄領,爾提諾巴,爾提諾巴8-4號,5,"倉庫
盔甲鍛造工坊
馬車零件工坊
居住地","5
5
3
1","16
　
　
　","3.2
　
　
　"
梅迪亞直轄領,爾提諾巴,爾提諾巴9號,5,"倉庫
馬牧場
攻城武器製作廠
居住地","4
4
2
1","12
4
　
　","2.4
0.8
　
　"
梅迪亞直轄領,爾提諾巴,爾提諾巴10-1號,2,"倉庫
宿舍
礦物加工廠
居住地","1
1
1
1","3
1
　
　","1.5
0.5
　
　"
梅迪亞直轄領,爾提諾巴,爾提諾巴10-2號,3,"倉庫
宿舍
精鍊廠
居住地","2
2
1
1","5
2
　
　","1.667
0.667
　
　"
梅迪亞直轄領,爾提諾巴,爾提諾巴10-3號,2,"倉庫
木工藝工坊
居住地","3
2
1","8
　
　","4.0
　
　"
梅迪亞直轄領,爾提諾巴,爾提諾巴10-4號,5,"倉庫
武器鍛造工坊
家具工坊
居住地","4
4
4
1","12
　
　
　","2.4
　
　
　"
梅迪亞直轄領,爾提諾巴,爾提諾巴7-4號,2,"倉庫
魚加工廠
居住地","1
1
1","3
　
　","1.5
　
　"
梅迪亞直轄領,爾提諾巴,爾提諾巴7-3號,3,"倉庫
盔甲鍛造工坊
木工藝工坊
居住地","2
2
1
1","5
　
　
　","1.667
　
　
　"
瓦倫西亞,首都瓦倫西亞,瓦倫西亞1-1號1樓,1,"倉庫
宿舍
工具工坊
居住地","1
1
1
1","3
1
　
　","3.0
1.0
　
　"
瓦倫西亞,首都瓦倫西亞,瓦倫西亞1-1號2樓,2,"倉庫
宿舍
盔甲鍛造工坊
居住地","2
2
1
1","5
2
　
　","2.5
1.0
　
　"
瓦倫西亞,首都瓦倫西亞,瓦倫西亞1-2號,3,"倉庫
宿舍
木材加工廠
居住地","2
3
1
1","5
4
　
　","1.667
1.333
　
　"
瓦倫西亞,首都瓦倫西亞,瓦倫西亞1-3號1樓,2,"倉庫
宿舍
手工藝工坊
居住地","3
2
3
1","8
2
　
　","4.0
1.0
　
　"
瓦倫西亞,首都瓦倫西亞,瓦倫西亞1-3號2樓,3,"倉庫
加工坊
精鍊廠
居住地","4
2
2
1","12
　
　
　","4.0
　
　
　"
瓦倫西亞,首都瓦倫西亞,瓦倫西亞1-4號1樓,2,"倉庫
木工藝工坊
居住地","2
3
1","5
　
　","2.5
　
　"
瓦倫西亞,首都瓦倫西亞,瓦倫西亞1-4號2樓,4,"倉庫
武器鍛造工坊
居住地","5
4
1","16
　
　","4.0
　
　"
瓦倫西亞,首都瓦倫西亞,瓦倫西亞2-1號,1,"倉庫
宿舍
居住地","1
1
1","3
1
　","3.0
1.0
　"
瓦倫西亞,首都瓦倫西亞,瓦倫西亞2-2號1樓,1,"倉庫
宿舍
武器鍛造工坊
礦物加工廠
居住地","1
1
1
1
1","3
1
　
　
　","3.0
1.0
　
　
　"
瓦倫西亞,首都瓦倫西亞,瓦倫西亞2-2號2樓,2,"倉庫
宿舍
魚加工廠
居住地","2
2
1
1","5
2
　
　","2.5
1.0
　
　"
瓦倫西亞,首都瓦倫西亞,瓦倫西亞2-3號,3,"倉庫
加工坊
居住地","4
1
1","12
　
　","4.0
　
　"
瓦倫西亞,首都瓦倫西亞,瓦倫西亞2-4號1樓,2,"倉庫
工具工坊
居住地","2
3
1","5
　
　","2.5
　
　"
瓦倫西亞,首都瓦倫西亞,瓦倫西亞2-4號2樓,2,"倉庫
馬車零件工坊
居住地","3
3
1","8
　
　","4.0
　
　"
瓦倫西亞,首都瓦倫西亞,瓦倫西亞2-5號1號室,3,"倉庫
居住地","3
1","8
　","2.667
　"
瓦倫西亞,首都瓦倫西亞,瓦倫西亞2-5號2號室,3,"倉庫
手工藝工坊
居住地","4
4
1","12
　
　","4.0
　
　"
瓦倫西亞,首都瓦倫西亞,瓦倫西亞2-6號,4,"倉庫
精鍊廠
摩諾斯加工坊
居住地","5
3
3
1","16
　
　
　","4.0
　
　
　"
瓦倫西亞,首都瓦倫西亞,瓦倫西亞3-1號,1,"倉庫
宿舍
居住地","1
1
1","3
1
　","3.0
1.0
　"
瓦倫西亞,首都瓦倫西亞,瓦倫西亞3-2號1樓,1,"倉庫
宿舍
武器鍛造工坊
礦物加工廠
居住地","2
1
1
1
1","5
1
　
　
　","5.0
1.0
　
　
　"
瓦倫西亞,首都瓦倫西亞,瓦倫西亞3-2號2樓,3,"倉庫
居住地","3
1","8
　","2.667
　"
瓦倫西亞,首都瓦倫西亞,瓦倫西亞3-3號,2,"倉庫
手工藝工坊
蘑菇加工廠
居住地","2
2
1
1","5
　
　
　","2.5
　
　
　"
瓦倫西亞,首都瓦倫西亞,瓦倫西亞3-4號,3,"倉庫
加工坊
工具工坊
家具工坊
居住地","3
2
3
3
1","8
　
　
　
　","2.667
　
　
　
　"
瓦倫西亞,首都瓦倫西亞,瓦倫西亞3-5號,2,"倉庫
盔甲鍛造工坊
居住地","3
2
1","8
　
　","4.0
　
　"
瓦倫西亞,首都瓦倫西亞,瓦倫西亞3-6號1樓,2,"倉庫
木工藝工坊
居住地","4
4
1","12
　
　","6.0
　
　"
瓦倫西亞,首都瓦倫西亞,瓦倫西亞3-6號2樓,3,"倉庫
精鍊廠
居住地","4
3
1","12
　
　","4.0
　
　"
瓦倫西亞,首都瓦倫西亞,瓦倫西亞4-1號1樓,1,"倉庫
宿舍
工具工坊
居住地","1
1
1
1","3
1
　
　","3.0
1.0
　
　"
瓦倫西亞,首都瓦倫西亞,瓦倫西亞4-1號2樓,3,"倉庫
加工坊
精鍊廠
居住地","2
1
1
1","5
　
　
　","1.667
　
　
　"
瓦倫西亞,首都瓦倫西亞,瓦倫西亞4-2號1樓1號,2,"倉庫
武器鍛造工坊
農作物加工廠
居住地","3
1
1
1","8
　
　
　","4.0
　
　
　"
瓦倫西亞,首都瓦倫西亞,瓦倫西亞4-2號1樓2號,4,"倉庫
手工藝工坊
居住地","4
3
1","12
　
　","3.0
　
　"
瓦倫西亞,首都瓦倫西亞,瓦倫西亞4-2號2樓,5,"倉庫
木工藝工坊
居住地","5
3
1","16
　
　","3.2
　
　"
瓦倫西亞,首都瓦倫西亞,瓦倫西亞5-1號1樓,1,"倉庫
宿舍
居住地","1
1
1","3
1
　","3.0
1.0
　"
瓦倫西亞,首都瓦倫西亞,瓦倫西亞5-1號2樓,2,"倉庫
居住地","3
1","8
　","4.0
　"
瓦倫西亞,首都瓦倫西亞,瓦倫西亞5-2號1樓,2,"倉庫
木材加工廠
居住地","2
1
1","5
　
　","2.5
　
　"
瓦倫西亞,首都瓦倫西亞,瓦倫西亞5-2號2樓,3,"倉庫
手工藝工坊
居住地","4
3
1","12
　
　","4.0
　
　"
瓦倫西亞,首都瓦倫西亞,瓦倫西亞5-3號1樓,2,"倉庫
武器鍛造工坊
農作物加工廠
居住地","2
2
1
1","5
　
　
　","2.5
　
　
　"
瓦倫西亞,首都瓦倫西亞,瓦倫西亞5-3號2樓,3,"倉庫
工具工坊
居住地","3
3
1","8
　
　","2.667
　
　"
瓦倫西亞,首都瓦倫西亞,瓦倫西亞5-4號1樓,2,"倉庫
精鍊廠
居住地","3
2
1","8
　
　","4.0
　
　"
瓦倫西亞,首都瓦倫西亞,瓦倫西亞5-4號2樓,3,"倉庫
木工藝工坊
居住地","4
4
1","12
　
　","4.0
　
　"
瓦倫西亞,首都瓦倫西亞,瓦倫西亞6-1號1樓,1,"倉庫
宿舍
居住地","2
1
1","5
1
　","5.0
1.0
　"
瓦倫西亞,首都瓦倫西亞,瓦倫西亞6-1號2樓,3,"倉庫
手工藝工坊
加工坊
礦物加工廠
居住地","3
2
1
1
1","8
　
　
　
　","2.667
　
　
　
　"
瓦倫西亞,首都瓦倫西亞,瓦倫西亞6-2號1樓1號,2,"倉庫
木工藝工坊
工具工坊
居住地","2
1
2
1","5
　
　
　","2.5
　
　
　"
瓦倫西亞,首都瓦倫西亞,瓦倫西亞6-2號1樓2號,3,"倉庫
武器鍛造工坊
居住地","4
2
1","12
　
　","4.0
　
　"
瓦倫西亞,首都瓦倫西亞,瓦倫西亞6-2號2樓3號,5,"倉庫
精鍊廠
蘑菇加工廠
居住地","5
2
1
1","16
　
　
　","3.2
　
　
　"
瓦倫西亞,首都瓦倫西亞,瓦倫西亞7-1號1樓,1,"倉庫
宿舍
居住地","1
1
1","3
1
　","3.0
1.0
　"
瓦倫西亞,首都瓦倫西亞,瓦倫西亞7-1號2樓,2,"倉庫
木工藝工坊
馬車零件工坊
居住地","3
1
1
1","8
　
　
　","4.0
　
　
　"
瓦倫西亞,首都瓦倫西亞,瓦倫西亞7-1號3樓,3,"倉庫
武器鍛造工坊
居住地","4
2
1","12
　
　","4.0
　
　"
瓦倫西亞,首都瓦倫西亞,瓦倫西亞7-2號1樓,3,"倉庫
手工藝工坊
木材加工廠
居住地","3
2
1
1","8
　
　
　","2.667
　
　
　"
瓦倫西亞,首都瓦倫西亞,瓦倫西亞7-2號2樓,4,"倉庫
精鍊廠
魚加工廠
居住地","5
2
1
1","16
　
　
　","4.0
　
　
　"
瓦倫西亞,首都瓦倫西亞,瓦倫西亞8-1號,1,"倉庫
宿舍
工具工坊
居住地","1
1
1
1","3
1
　
　","3.0
1.0
　
　"
瓦倫西亞,首都瓦倫西亞,瓦倫西亞8-2號1樓,1,"倉庫
宿舍
木工藝工坊
礦物加工廠
居住地","2
1
1
1
1","5
1
　
　
　","5.0
1.0
　
　
　"
瓦倫西亞,首都瓦倫西亞,瓦倫西亞8-2號2樓,2,"倉庫
魚加工廠
居住地","3
1
1","8
　
　","4.0
　
　"
瓦倫西亞,首都瓦倫西亞,瓦倫西亞8-3號1樓,2,"倉庫
精鍊廠
居住地","2
1
1","5
　
　","2.5
　
　"
瓦倫西亞,首都瓦倫西亞,瓦倫西亞8-3號2樓,3,"倉庫
居住地","3
1","8
　","2.667
　"
瓦倫西亞,首都瓦倫西亞,瓦倫西亞8-4號1樓,2,"倉庫
盔甲鍛造工坊
馬車零件工坊
居住地","2
3
2
1","5
　
　
　","2.5
　
　
　"
瓦倫西亞,首都瓦倫西亞,瓦倫西亞8-4號2樓,3,"倉庫
居住地","4
1","12
　","4.0
　"
瓦倫西亞,首都瓦倫西亞,瓦倫西亞8-5號1樓,3,"倉庫
手工藝工坊
居住地","4
4
1","12
　
　","4.0
　
　"
瓦倫西亞,首都瓦倫西亞,瓦倫西亞8-5號2樓,4,"倉庫
武器鍛造工坊
居住地","5
4
1","16
　
　","4.0
　
　"
瓦倫西亞,首都瓦倫西亞,瓦倫西亞9-1號,1,"倉庫
宿舍
居住地","1
1
1","3
1
　","3.0
1.0
　"
瓦倫西亞,首都瓦倫西亞,瓦倫西亞9-2號,2,"倉庫
手工藝工坊
加工坊
木材加工廠
居住地","2
1
1
1
1","5
　
　
　
　","2.5
　
　
　
　"
瓦倫西亞,首都瓦倫西亞,瓦倫西亞9-3號,2,"倉庫
蘑菇加工廠
居住地","2
1
1","5
　
　","2.5
　
　"
瓦倫西亞,首都瓦倫西亞,瓦倫西亞9-4號1樓,2,"倉庫
木工藝工坊
居住地","3
3
1","8
　
　","4.0
　
　"
瓦倫西亞,首都瓦倫西亞,瓦倫西亞9-4號2樓,3,"倉庫
工具工坊
居住地","4
4
1","12
　
　","4.0
　
　"
瓦倫西亞,首都瓦倫西亞,瓦倫西亞9-5號1樓,3,"倉庫
武器鍛造工坊
居住地","3
3
1","8
　
　","2.667
　
　"
瓦倫西亞,首都瓦倫西亞,瓦倫西亞9-5號2樓,4,"倉庫
精鍊廠
居住地","5
3
1","16
　
　","4.0
　
　"
瓦倫西亞,首都瓦倫西亞,瓦倫西亞10-1號1樓1號,2,"倉庫
農作物加工廠
居住地","2
1
1","5
　
　","2.5
　
　"
瓦倫西亞,首都瓦倫西亞,瓦倫西亞10-1號1樓2號,3,"倉庫
工具工坊
居住地","3
2
1","8
　
　","2.667
　
　"
瓦倫西亞,首都瓦倫西亞,瓦倫西亞10-1號2樓,4,"倉庫
手工藝工坊
加工坊
居住地","5
1
2
1","16
　
　
　","4.0
　
　
　"
瓦倫西亞,首都瓦倫西亞,瓦倫西亞10-2號,5,"倉庫
武器鍛造工坊
木工藝工坊
礦物加工廠
居住地","5
3
2
1
1","16
　
　
　
　","3.2
　
　
　
　"
瓦倫西亞,首都瓦倫西亞,瓦倫西亞11-1號,1,"倉庫
宿舍
居住地","1
1
1","3
1
　","3.0
1.0
　"
瓦倫西亞,首都瓦倫西亞,瓦倫西亞11-2號1樓,1,"倉庫
宿舍
手工藝工坊
居住地","2
1
1
1","5
1
　
　","5.0
1.0
　
　"
瓦倫西亞,首都瓦倫西亞,瓦倫西亞11-2號2樓,2,"倉庫
魚加工廠
木材加工廠
居住地","3
1
1
1","8
　
　
　","4.0
　
　
　"
瓦倫西亞,首都瓦倫西亞,瓦倫西亞11-3號,2,"倉庫
木工藝工坊
精鍊廠
居住地","2
2
1
1","5
　
　
　","2.5
　
　
　"
瓦倫西亞,首都瓦倫西亞,瓦倫西亞11-4號1樓,2,"倉庫
居住地","2
1","5
　","2.5
　"
瓦倫西亞,首都瓦倫西亞,瓦倫西亞11-4號2樓,3,"倉庫
工具工坊
居住地","4
4
1","12
　
　","4.0
　
　"
瓦倫西亞,首都瓦倫西亞,瓦倫西亞11-5號1樓,3,"倉庫
加工坊
居住地","3
4
1","8
　
　","2.667
　
　"
瓦倫西亞,首都瓦倫西亞,瓦倫西亞11-5號2樓,4,"倉庫
盔甲鍛造工坊
居住地","5
5
1","16
　
　","4.0
　
　"
瓦倫西亞,首都瓦倫西亞,瓦倫西亞12-1號1樓,1,"倉庫
宿舍
居住地","1
1
1","3
1
　","3.0
1.0
　"
瓦倫西亞,首都瓦倫西亞,瓦倫西亞12-1號2樓,3,"倉庫
加工坊
居住地","3
2
1","8
　
　","2.667
　
　"
瓦倫西亞,首都瓦倫西亞,瓦倫西亞12-2號1樓,2,"倉庫
盔甲鍛造工坊
木工藝工坊
礦物加工廠
居住地","2
1
1
1
1","5
　
　
　
　","2.5
　
　
　
　"
瓦倫西亞,首都瓦倫西亞,瓦倫西亞12-2號2樓,3,"倉庫
工具工坊
蘑菇加工廠
居住地","4
3
1
1","12
　
　
　","4.0
　
　
　"
瓦倫西亞,首都瓦倫西亞,瓦倫西亞12-3號,5,"倉庫
居住地","5
1","16
　","3.2
　"
瓦倫西亞,首都瓦倫西亞,瓦倫西亞13-1號1樓,1,"倉庫
宿舍
工具工坊
居住地","1
1
1
1","3
1
　
　","3.0
1.0
　
　"
瓦倫西亞,首都瓦倫西亞,瓦倫西亞13-1號2樓,2,"倉庫
精鍊廠
居住地","2
1
1","5
　
　","2.5
　
　"
瓦倫西亞,首都瓦倫西亞,瓦倫西亞13-2號1樓,1,"倉庫
木材加工廠
居住地","1
1
1","3
　
　","3.0
　
　"
瓦倫西亞,首都瓦倫西亞,瓦倫西亞13-2號2樓,2,"倉庫
農作物加工廠
居住地","3
1
1","8
　
　","4.0
　
　"
瓦倫西亞,首都瓦倫西亞,瓦倫西亞13-3號,3,"倉庫
木工藝工坊
居住地","3
2
1","8
　
　","2.667
　
　"
瓦倫西亞,首都瓦倫西亞,瓦倫西亞13-4號1樓,3,"倉庫
盔甲鍛造工坊
居住地","4
3
1","12
　
　","4.0
　
　"
瓦倫西亞,首都瓦倫西亞,瓦倫西亞13-4號2樓,4,"倉庫
加工坊
居住地","5
5
1","16
　
　","4.0
　
　"
瓦倫西亞,首都瓦倫西亞,瓦倫西亞14-1號1樓,1,"倉庫
宿舍
居住地","1
1
1","3
1
　","3.0
1.0
　"
瓦倫西亞,首都瓦倫西亞,瓦倫西亞14-1號2樓,2,"倉庫
魚加工廠
居住地","2
1
1","5
　
　","2.5
　
　"
瓦倫西亞,首都瓦倫西亞,瓦倫西亞14-2號1樓,2,"倉庫
精鍊廠
木材加工廠
居住地","2
1
1
1","5
　
　
　","2.5
　
　
　"
瓦倫西亞,首都瓦倫西亞,瓦倫西亞14-2號2樓,3,"倉庫
馬車零件工坊
居住地","4
2
1","12
　
　","4.0
　
　"
瓦倫西亞,首都瓦倫西亞,瓦倫西亞14-3號1樓,2,"倉庫
居住地","2
1","5
　","2.5
　"
瓦倫西亞,首都瓦倫西亞,瓦倫西亞14-3號2樓,3,"倉庫
加工坊
居住地","4
3
1","12
　
　","4.0
　
　"
瓦倫西亞,首都瓦倫西亞,瓦倫西亞14-4號,5,"倉庫
盔甲鍛造工坊
居住地","5
4
1","16
　
　","3.2
　
　"
瓦倫西亞,首都瓦倫西亞,瓦倫西亞15-1號1樓,1,"倉庫
宿舍
居住地","1
1
1","3
1
　","3.0
1.0
　"
瓦倫西亞,首都瓦倫西亞,瓦倫西亞15-1號2樓,2,"倉庫
宿舍
居住地","2
2
1","5
2
　","2.5
1.0
　"
瓦倫西亞,首都瓦倫西亞,瓦倫西亞15-2號1樓,1,"倉庫
礦物加工廠
居住地","1
1
1","3
　
　","3.0
　
　"
瓦倫西亞,首都瓦倫西亞,瓦倫西亞15-2號2樓,2,"倉庫
蘑菇加工廠
居住地","3
1
1","8
　
　","4.0
　
　"
瓦倫西亞,首都瓦倫西亞,瓦倫西亞15-3號1樓,2,"倉庫
居住地","2
1","5
　","2.5
　"
瓦倫西亞,首都瓦倫西亞,瓦倫西亞15-3號2樓,4,"倉庫
居住地","4
1","12
　","3.0
　"
瓦倫西亞,首都瓦倫西亞,瓦倫西亞15-4號,2,"倉庫
盔甲鍛造工坊
居住地","3
3
1","8
　
　","4.0
　
　"
瓦倫西亞,首都瓦倫西亞,瓦倫西亞15-5號1樓,3,"倉庫
加工坊
居住地","3
4
1","8
　
　","2.667
　
　"
瓦倫西亞,首都瓦倫西亞,瓦倫西亞15-5號2樓,4,"倉庫
精鍊廠
家具工坊
居住地","4
3
5
1","12
　
　
　","3.0
　
　
　"
瓦倫西亞,首都瓦倫西亞,瓦倫西亞16-1號,1,"倉庫
宿舍
居住地","1
1
1","3
1
　","3.0
1.0
　"
瓦倫西亞,首都瓦倫西亞,瓦倫西亞16-2號1樓,2,"倉庫
盔甲鍛造工坊
木材加工廠
居住地","2
1
1
1","5
　
　
　","2.5
　
　
　"
瓦倫西亞,首都瓦倫西亞,瓦倫西亞16-2號2樓,4,"倉庫
精鍊廠
農作物加工廠
居住地","5
2
1
1","16
　
　
　","4.0
　
　
　"
瓦倫西亞,首都瓦倫西亞,瓦倫西亞16-3號1樓,3,"倉庫
馬車製作廠
居住地","3
3
1","8
　
　","2.667
　
　"
瓦倫西亞,首都瓦倫西亞,瓦倫西亞16-3號2樓,5,"倉庫
加工坊
居住地","5
4
1","16
　
　","3.2
　
　"
瓦倫西亞,首都瓦倫西亞,瓦倫西亞17-1號,1,"倉庫
宿舍
工具工坊
居住地","1
1
1
1","3
1
　
　","3.0
1.0
　
　"
瓦倫西亞,首都瓦倫西亞,瓦倫西亞17-2號,2,"倉庫
木材加工廠
居住地","2
1
1","5
　
　","2.5
　
　"
瓦倫西亞,首都瓦倫西亞,瓦倫西亞17-3號,2,"倉庫
農作物加工廠
居住地","3
1
1","8
　
　","4.0
　
　"
瓦倫西亞,首都瓦倫西亞,瓦倫西亞17-4號1樓,3,"倉庫
加工坊
居住地","3
3
1","8
　
　","2.667
　
　"
瓦倫西亞,首都瓦倫西亞,瓦倫西亞17-4號2樓,5,"倉庫
風險資產管理所
居住地","5
1
1","16
　
　","3.2
　
　"
瓦倫西亞,首都瓦倫西亞,瓦倫西亞18-1號1樓,1,"倉庫
宿舍
居住地","1
1
1","3
1
　","3.0
1.0
　"
瓦倫西亞,首都瓦倫西亞,瓦倫西亞18-1號2樓,3,"倉庫
加工坊
居住地","4
1
1","12
　
　","4.0
　
　"
瓦倫西亞,首都瓦倫西亞,瓦倫西亞18-2號1樓,4,"倉庫
精鍊廠
魚加工廠
礦物加工廠
居住地","4
1
1
1
1","12
　
　
　
　","3.0
　
　
　
　"
瓦倫西亞,首都瓦倫西亞,瓦倫西亞18-2號2樓,5,"倉庫
居住地","5
1","16
　","3.2
　"
瓦倫西亞,首都瓦倫西亞,瓦倫西亞19-1號,1,"倉庫
宿舍
居住地","1
1
1","3
1
　","3.0
1.0
　"
瓦倫西亞,首都瓦倫西亞,瓦倫西亞19-2號1樓,1,"倉庫
木材加工廠
居住地","2
1
1","5
　
　","5.0
　
　"
瓦倫西亞,首都瓦倫西亞,瓦倫西亞19-2號2樓,2,"倉庫
居住地","3
1","8
　","4.0
　"
瓦倫西亞,首都瓦倫西亞,瓦倫西亞19-3號1樓,2,"倉庫
蘑菇加工廠
居住地","2
1
1","5
　
　","2.5
　
　"
瓦倫西亞,首都瓦倫西亞,瓦倫西亞19-3號2樓,4,"倉庫
居住地","4
1","12
　","3.0
　"
瓦倫西亞,首都瓦倫西亞,瓦倫西亞19-4號1樓,3,"倉庫
加工坊
居住地","3
3
1","8
　
　","2.667
　
　"
瓦倫西亞,首都瓦倫西亞,瓦倫西亞19-4號2樓,5,"倉庫
宿舍
馬牧場
精鍊廠
居住地","5
4
5
3
1","16
6
5
　
　","3.2
1.2
1.0
　
　"
瓦倫西亞,首都瓦倫西亞,瓦倫西亞20-1號1樓,2,"倉庫
宿舍
居住地","2
2
1","5
2
　","2.5
1.0
　"
瓦倫西亞,首都瓦倫西亞,瓦倫西亞20-1號2樓,3,"倉庫
礦物加工廠
居住地","3
1
1","8
　
　","2.667
　
　"
瓦倫西亞,首都瓦倫西亞,瓦倫西亞20-1號3樓,3,"倉庫
居住地","4
1","12
　","4.0
　"
瓦倫西亞,首都瓦倫西亞,瓦倫西亞20-2號1樓,4,"倉庫
加工坊
居住地","4
3
1","12
　
　","3.0
　
　"
瓦倫西亞,首都瓦倫西亞,瓦倫西亞20-2號2樓,5,"倉庫
宿舍
加工坊
農作物加工廠
居住地","5
3
5
1
1","16
4
　
　
　","3.2
0.8
　
　
　"
瓦倫西亞,首都瓦倫西亞,普哈爾藍農場1號,1,"倉庫
居住地","1
1","3
　","3.0
　"
瓦倫西亞,首都瓦倫西亞,瓦倫西亞大農場1-1號,1,"倉庫
蘑菇加工廠
居住地","1
1
1","3
　
　","3.0
　
　"
瓦倫西亞,首都瓦倫西亞,瓦倫西亞大農場1-2號,2,"倉庫
農作物加工廠
木材加工廠
居住地","3
1
1
1","8
　
　
　","4.0
　
　
　"
瓦倫西亞,首都瓦倫西亞,瓦倫西亞大農場1-3號,4,"倉庫
礦物加工廠
居住地","4
1
1","12
　
　","3.0
　
　"
瓦倫西亞,首都瓦倫西亞,艾倫達農場1號,2,"倉庫
蘑菇加工廠
農作物加工廠
居住地","2
1
1
1","5
　
　
　","2.5
　
　
　"
瓦倫西亞,安卡杜內港,安卡杜內港1-1號,1,"倉庫
宿舍
居住地","2
1
1","5
1
　","5.0
1.0
　"
瓦倫西亞,安卡杜內港,安卡杜內港1-2號,3,"倉庫
宿舍
造船廠
魚加工廠
居住地","3
2
2
1
1","8
2
　
　
　","2.667
0.667
　
　
　"
瓦倫西亞,安卡杜內港,安卡杜內港1-3號,4,"倉庫
船舶零件工坊
居住地","4
3
1","12
　
　","3.0
　
　"
瓦倫西亞,安卡杜內港,阿爾塔思農場1-1號,2,"倉庫
工具工坊
蘑菇加工廠
居住地","1
1
1
1","3
　
　
　","1.5
　
　
　"
瓦倫西亞,安卡杜內港,阿爾塔思農場1-2號,3,"倉庫
農作物加工廠
居住地","3
1
1","8
　
　","2.667
　
　"
瓦倫西亞,夏卡魯,夏卡魯1-1號,1,"倉庫
宿舍
工具工坊
居住地","1
1
1
1","3
1
　
　","3.0
1.0
　
　"
瓦倫西亞,夏卡魯,夏卡魯1-2號,2,"倉庫
宿舍
精鍊廠
蘑菇加工廠
居住地","2
1
1
1
1","5
1
　
　
　","2.5
0.5
　
　
　"
瓦倫西亞,夏卡魯,夏卡魯1-3號,4,"倉庫
宿舍
礦物加工廠
居住地","4
3
1
1","12
4
　
　","3.0
1.0
　
　"
瓦倫西亞,夏卡魯,夏卡魯2-1號,2,"倉庫
宿舍
精鍊廠
魚加工廠
居住地","2
1
2
1
1","5
1
　
　
　","2.5
0.5
　
　
　"
瓦倫西亞,夏卡魯,夏卡魯2-2號,4,"倉庫
宿舍
工具工坊
木材加工廠
居住地","3
2
2
1
1","8
2
　
　
　","2.0
0.5
　
　
　"
瓦倫西亞,夏卡魯,夏卡魯農場1-1號,2,"倉庫
宿舍
精鍊廠
農作物加工廠
居住地","1
2
2
1
1","3
2
　
　
　","1.5
1.0
　
　
　"
瓦倫西亞,夏卡魯,夏卡魯農場1-2號,3,"倉庫
蘑菇加工廠
居住地","3
1
1","8
　
　","2.667
　
　"
瓦倫西亞,沙粒巴扎勒,沙粒巴扎勒1-1號,1,"倉庫
宿舍
居住地","2
1
1","5
1
　","5.0
1.0
　"
瓦倫西亞,沙粒巴扎勒,沙粒巴扎勒1-2號,3,"倉庫
宿舍
精鍊廠
蘑菇加工廠
居住地","3
2
1
1
1","8
2
　
　
　","2.667
0.667
　
　
　"
瓦倫西亞,沙粒巴扎勒,沙粒巴扎勒1-3號,4,"倉庫
工具工坊
居住地","4
3
1","12
　
　","3.0
　
　"
瓦倫西亞,沙粒巴扎勒,沙粒巴扎勒2-1號,1,"倉庫
宿舍
居住地","1
1
1","3
1
　","3.0
1.0
　"
瓦倫西亞,沙粒巴扎勒,沙粒巴扎勒2-2號,3,"倉庫
宿舍
工具工坊
農作物加工廠
居住地","3
2
2
1
1","8
2
　
　
　","2.667
0.667
　
　
　"
瓦倫西亞,沙粒巴扎勒,沙粒巴扎勒2-3號,4,"倉庫
精鍊廠
居住地","4
3
1","12
　
　","3.0
　
　"
瓦倫西亞,沙粒巴扎勒,沙粒巴扎勒3-1號,1,"倉庫
宿舍
礦物加工廠
居住地","1
1
1
1","3
1
　
　","3.0
1.0
　
　"
瓦倫西亞,沙粒巴扎勒,沙粒巴扎勒3-2號,3,"倉庫
馬牧場
精鍊廠
木材加工廠
居住地","3
3
2
1
1","8
3
　
　
　","2.667
1.0
　
　
　"
瓦倫西亞,沙粒巴扎勒,巴魯漢農場1-1號,1,"倉庫
蘑菇加工廠
居住地","1
1
1","3
　
　","3.0
　
　"
瓦倫西亞,沙粒巴扎勒,巴魯漢農場1-2號,3,"倉庫
農作物加工廠
居住地","2
1
1","5
　
　","1.667
　
　"
瓦倫西亞,阿利赫恣村莊,阿利赫恣村莊1-1號,1,"倉庫
居住地","2
1","5
　","5.0
　"
瓦倫西亞,阿利赫恣村莊,阿利赫恣村莊1-2號,3,"倉庫
宿舍
木工藝工坊
船舶零件工坊
魚加工廠
居住地","3
1
3
3
1
1","8
1
　
　
　
　","2.667
0.333
　
　
　
　"
瓦倫西亞,阿利赫恣村莊,阿利赫恣村莊2-1號,1,"倉庫
阿利赫恣工坊
居住地","2
3
1","5
　
　","5.0
　
　"
瓦倫西亞,阿利赫恣村莊,阿利赫恣村莊2-2號,3,"倉庫
宿舍
工具工坊
造船廠
家具工坊
木材加工廠
居住地","3
2
3
2
3
1
1","8
2
　
　
　
　
　","2.667
0.667
　
　
　
　
　"
卡瑪希爾比亞,格拉納,그라나 1번지,11,"倉庫
馬牧場
居住地","5
5
1","16
5
　","1.455
0.455
　"
卡瑪希爾比亞,格拉納,그라나 2번지,11,"倉庫
...
居住地","5
4
1","16
　
　","1.455
　
　"
卡瑪希爾比亞,格拉納,그라나 3번지 1층,11,"倉庫
精鍊廠
工具工坊
居住地","5
3
3
1","16
　
　
　","1.455
　
　
　"
卡瑪希爾比亞,格拉納,그라나 3번지 2층,11,"倉庫
工具工坊
馬車零件工坊
居住地","5
3
4
1","16
　
　
　","1.455
　
　
　"
卡瑪希爾比亞,格拉納,그라나 4번지,15,"倉庫
武器鍛造工坊
...
居住地","5
4
4
1","16
　
　
　","1.067
　
　
　"
卡瑪希爾比亞,格拉納,그라나 5번지,11,"倉庫
加工坊
...
居住地","5
4
5
1","16
　
　
　","1.455
　
　
　"
卡瑪希爾比亞,格拉納,그라나 6번지,11,"倉庫
木工藝工坊
居住地","5
3
1","16
　
　","1.455
　
　"
卡瑪希爾比亞,格拉納,그라나 7번지,5,"倉庫
宿舍
精鍊廠
...
居住地","4
2
3
2
1","12
2
　
　
　","2.4
0.4
　
　
　"
卡瑪希爾比亞,格拉納,그라나 8번지,11,"倉庫
手工藝工坊
工具工坊
居住地","5
3
3
1","16
　
　
　","1.455
　
　
　"
卡瑪希爾比亞,格拉納,그라나 9번지,11,"倉庫
盔甲鍛造工坊
...
居住地","5
4
2
1","16
　
　
　","1.455
　
　
　"
卡瑪希爾比亞,格拉納,그라나 10번지,8,"倉庫
宿舍
工具工坊
...
居住地","4
3
3
2
1","12
4
　
　
　","1.5
0.5
　
　
　"
卡瑪希爾比亞,格拉納,그라나 11번지,11,"倉庫
武器鍛造工坊
精鍊廠
居住地","5
3
3
1","16
　
　
　","1.455
　
　
　"
卡瑪希爾比亞,格拉納,그라나 12번지 1층,11,"倉庫
工具工坊
居住地","5
4
1","16
　
　","1.455
　
　"
卡瑪希爾比亞,格拉納,그라나 12번지 2층,11,"倉庫
加工坊
工具工坊
居住地","5
5
3
1","16
　
　
　","1.455
　
　
　"
卡瑪希爾比亞,格拉納,그라나 13번지,11,"倉庫
木工藝工坊
居住地","5
4
1","16
　
　","1.455
　
　"
卡瑪希爾比亞,格拉納,그라나 14번지,11,"倉庫
手工藝工坊
...
居住地","5
4
1
1","16
　
　
　","1.455
　
　
　"
卡瑪希爾比亞,格拉納,그라나 15번지,11,"倉庫
盔甲鍛造工坊
精鍊廠
...
居住地","5
5
3
2
1","16
　
　
　
　","1.455
　
　
　
　"
卡瑪希爾比亞,格拉納,그라나 16번지,5,"倉庫
宿舍
...
居住地","4
2
2
1","12
2
　
　","2.4
0.4
　
　"
卡瑪希爾比亞,格拉納,그라나 17번지,8,"倉庫
...
居住地","4
2
1","12
　
　","1.5
　
　"
卡瑪希爾比亞,智慧的古木,빕 포레타 산장 1번지,2,"倉庫
加工坊
...
居住地","5
2
1
1","16
　
　
　","8.0
　
　
　"
卡瑪希爾比亞,智慧的古木,빕 포레타 산장 2번지,3,"倉庫
木工藝工坊
工具工坊
...
居住地","5
2
1
1
1","16
　
　
　
　","5.333
　
　
　
　"